/*
Navicat MySQL Data Transfer

Source Server         : localhost
Source Server Version : 50717
Source Host           : localhost:3306
Source Database       : activity

Target Server Type    : MYSQL
Target Server Version : 50717
File Encoding         : 65001

Date: 2017-08-25 18:53:47
*/

SET FOREIGN_KEY_CHECKS=0;

-- ----------------------------
-- Table structure for `act_evt_log`
-- ----------------------------
DROP TABLE IF EXISTS `act_evt_log`;
CREATE TABLE `act_evt_log` (
  `LOG_NR_` bigint(20) NOT NULL AUTO_INCREMENT,
  `TYPE_` varchar(64) COLLATE utf8_bin DEFAULT NULL,
  `PROC_DEF_ID_` varchar(64) COLLATE utf8_bin DEFAULT NULL,
  `PROC_INST_ID_` varchar(64) COLLATE utf8_bin DEFAULT NULL,
  `EXECUTION_ID_` varchar(64) COLLATE utf8_bin DEFAULT NULL,
  `TASK_ID_` varchar(64) COLLATE utf8_bin DEFAULT NULL,
  `TIME_STAMP_` timestamp(3) NOT NULL DEFAULT CURRENT_TIMESTAMP(3) ON UPDATE CURRENT_TIMESTAMP(3),
  `USER_ID_` varchar(255) COLLATE utf8_bin DEFAULT NULL,
  `DATA_` longblob,
  `LOCK_OWNER_` varchar(255) COLLATE utf8_bin DEFAULT NULL,
  `LOCK_TIME_` timestamp(3) NULL DEFAULT NULL,
  `IS_PROCESSED_` tinyint(4) DEFAULT '0',
  PRIMARY KEY (`LOG_NR_`)
) ENGINE=InnoDB DEFAULT CHARSET=utf8 COLLATE=utf8_bin;

-- ----------------------------
-- Records of act_evt_log
-- ----------------------------

-- ----------------------------
-- Table structure for `act_ge_bytearray`
-- ----------------------------
DROP TABLE IF EXISTS `act_ge_bytearray`;
CREATE TABLE `act_ge_bytearray` (
  `ID_` varchar(64) COLLATE utf8_bin NOT NULL,
  `REV_` int(11) DEFAULT NULL,
  `NAME_` varchar(255) COLLATE utf8_bin DEFAULT NULL,
  `DEPLOYMENT_ID_` varchar(64) COLLATE utf8_bin DEFAULT NULL,
  `BYTES_` longblob,
  `GENERATED_` tinyint(4) DEFAULT NULL,
  PRIMARY KEY (`ID_`),
  KEY `ACT_FK_BYTEARR_DEPL` (`DEPLOYMENT_ID_`),
  CONSTRAINT `ACT_FK_BYTEARR_DEPL` FOREIGN KEY (`DEPLOYMENT_ID_`) REFERENCES `act_re_deployment` (`ID_`)
) ENGINE=InnoDB DEFAULT CHARSET=utf8 COLLATE=utf8_bin;

-- ----------------------------
-- Records of act_ge_bytearray
-- ----------------------------
INSERT INTO `act_ge_bytearray` VALUES ('25023', '12', 'source', null, 0x7B227265736F757263654964223A223235303232222C2270726F70657274696573223A7B2270726F636573735F6964223A226D794C6561766542696C6C70726F63657373222C226E616D65223A22222C22646F63756D656E746174696F6E223A22E8AFB7E58187E6B581E7A88B222C2270726F636573735F617574686F72223A22222C2270726F636573735F76657273696F6E223A22222C2270726F636573735F6E616D657370616365223A22687474703A2F2F7777772E61637469766974692E6F72672F70726F63657373646566222C22657865637574696F6E6C697374656E657273223A22222C226576656E746C697374656E657273223A22222C227369676E616C646566696E6974696F6E73223A22222C226D657373616765646566696E6974696F6E73223A22222C22636F6E646974696F6E73657175656E6365666C6F77223A22247B6F7574636F6D653D3D27E689B9E58786277D227D2C227374656E63696C223A7B226964223A2242504D4E4469616772616D227D2C226368696C64536861706573223A5B7B227265736F757263654964223A227369642D33334133353038422D373441372D343345302D384533442D463742394545353142423544222C2270726F70657274696573223A7B226F766572726964656964223A22222C226E616D65223A22222C22646F63756D656E746174696F6E223A22222C22657865637574696F6E6C697374656E657273223A22222C22696E69746961746F72223A22222C22666F726D6B6579646566696E6974696F6E223A22222C22666F726D70726F70657274696573223A22227D2C227374656E63696C223A7B226964223A2253746172744E6F6E654576656E74227D2C226368696C64536861706573223A5B5D2C226F7574676F696E67223A5B7B227265736F757263654964223A227369642D38424333383745452D313636342D343531392D394136342D463537433836393739363533227D5D2C22626F756E6473223A7B226C6F7765725269676874223A7B2278223A3138302C2279223A3133307D2C2275707065724C656674223A7B2278223A3135302C2279223A3130307D7D2C22646F636B657273223A5B5D7D2C7B227265736F757263654964223A227369642D36363737394645452D363036452D343632382D423145422D433933373331413032423633222C2270726F70657274696573223A7B226F766572726964656964223A22222C226E616D65223A22E68F90E4BAA4E794B3E8AFB7222C22646F63756D656E746174696F6E223A22E68F90E4BAA4E5AEA1E689B9222C226173796E6368726F6E6F7573646566696E6974696F6E223A2266616C7365222C226578636C7573697665646566696E6974696F6E223A2266616C7365222C22657865637574696F6E6C697374656E657273223A22222C226D756C7469696E7374616E63655F74797065223A224E6F6E65222C226D756C7469696E7374616E63655F63617264696E616C697479223A22222C226D756C7469696E7374616E63655F636F6C6C656374696F6E223A22222C226D756C7469696E7374616E63655F7661726961626C65223A22222C226D756C7469696E7374616E63655F636F6E646974696F6E223A22222C226973666F72636F6D70656E736174696F6E223A2266616C7365222C22757365727461736B61737369676E6D656E74223A7B2261737369676E6D656E74223A7B2261737369676E6565223A22247B696E707574557365727D227D7D2C22666F726D6B6579646566696E6974696F6E223A22222C2264756564617465646566696E6974696F6E223A22222C227072696F72697479646566696E6974696F6E223A22222C22666F726D70726F70657274696573223A22222C227461736B6C697374656E657273223A22227D2C227374656E63696C223A7B226964223A22557365725461736B227D2C226368696C64536861706573223A5B5D2C226F7574676F696E67223A5B7B227265736F757263654964223A227369642D39373833373743342D374642452D343037352D393046302D314330463335374242373844227D5D2C22626F756E6473223A7B226C6F7765725269676874223A7B2278223A3336392E39393939393539373636383635332C2279223A3135342E393939393938383832343132397D2C2275707065724C656674223A7B2278223A3236392E39393939393539373636383635332C2279223A37342E39393939393838383234313239327D7D2C22646F636B657273223A5B5D7D2C7B227265736F757263654964223A227369642D44344437383635312D333142432D344642372D423246452D394335363938393041324434222C2270726F70657274696573223A7B226F766572726964656964223A22222C226E616D65223A22222C22646F63756D656E746174696F6E223A22222C22657865637574696F6E6C697374656E657273223A22227D2C227374656E63696C223A7B226964223A22456E644E6F6E654576656E74227D2C226368696C64536861706573223A5B5D2C226F7574676F696E67223A5B5D2C22626F756E6473223A7B226C6F7765725269676874223A7B2278223A3638382C2279223A3132397D2C2275707065724C656674223A7B2278223A3636302C2279223A3130302E39393939393939393939393939397D7D2C22646F636B657273223A5B5D7D2C7B227265736F757263654964223A227369642D43394244363946312D453533302D343844432D393237392D383132374246433337303833222C2270726F70657274696573223A7B226F766572726964656964223A22222C226E616D65223A22E7BB8FE79086E5AEA1E689B9222C22646F63756D656E746174696F6E223A22E7BB8FE79086E5AEA1E689B9222C226173796E6368726F6E6F7573646566696E6974696F6E223A2266616C7365222C226578636C7573697665646566696E6974696F6E223A2266616C7365222C22657865637574696F6E6C697374656E657273223A22222C226D756C7469696E7374616E63655F74797065223A224E6F6E65222C226D756C7469696E7374616E63655F63617264696E616C697479223A22222C226D756C7469696E7374616E63655F636F6C6C656374696F6E223A22222C226D756C7469696E7374616E63655F7661726961626C65223A22222C226D756C7469696E7374616E63655F636F6E646974696F6E223A22222C226973666F72636F6D70656E736174696F6E223A2266616C7365222C22757365727461736B61737369676E6D656E74223A7B2261737369676E6D656E74223A7B2261737369676E6565223A22247B696E707574557365727D227D7D2C22666F726D6B6579646566696E6974696F6E223A22222C2264756564617465646566696E6974696F6E223A22222C227072696F72697479646566696E6974696F6E223A22222C22666F726D70726F70657274696573223A22222C227461736B6C697374656E657273223A22227D2C227374656E63696C223A7B226964223A22557365725461736B227D2C226368696C64536861706573223A5B5D2C226F7574676F696E67223A5B7B227265736F757263654964223A227369642D46413331463544382D324246362D344344422D423545312D383145354242463643354146227D2C7B227265736F757263654964223A227369642D36373841453838442D343733392D343239422D384639412D354645414442394232353745227D5D2C22626F756E6473223A7B226C6F7765725269676874223A7B2278223A3536322E393632393334303035353137352C2279223A3135342E39393939393939393939393939377D2C2275707065724C656674223A7B2278223A3436322E393632393334303035353137362C2279223A37357D7D2C22646F636B657273223A5B5D7D2C7B227265736F757263654964223A227369642D38424333383745452D313636342D343531392D394136342D463537433836393739363533222C2270726F70657274696573223A7B226F766572726964656964223A22222C226E616D65223A22222C22646F63756D656E746174696F6E223A22222C22636F6E646974696F6E73657175656E6365666C6F77223A22222C22657865637574696F6E6C697374656E657273223A22222C2264656661756C74666C6F77223A2266616C7365227D2C227374656E63696C223A7B226964223A2253657175656E6365466C6F77227D2C226368696C64536861706573223A5B5D2C226F7574676F696E67223A5B7B227265736F757263654964223A227369642D36363737394645452D363036452D343632382D423145422D433933373331413032423633227D5D2C22626F756E6473223A7B226C6F7765725269676874223A7B2278223A3236392E33353135353937363534303431352C2279223A3131342E39393939393938383830313539387D2C2275707065724C656674223A7B2278223A3138302E35333132343936323238313433362C2279223A3131342E39393939393932343736303032367D7D2C22646F636B657273223A5B7B2278223A31352C2279223A31357D2C7B2278223A35302C2279223A33392E39393939393939393939393939397D5D2C22746172676574223A7B227265736F757263654964223A227369642D36363737394645452D363036452D343632382D423145422D433933373331413032423633227D7D2C7B227265736F757263654964223A227369642D36373841453838442D343733392D343239422D384639412D354645414442394232353745222C2270726F70657274696573223A7B226F766572726964656964223A22222C226E616D65223A22E9A9B3E59B9E222C22646F63756D656E746174696F6E223A22E9A9B3E59B9E222C22636F6E646974696F6E73657175656E6365666C6F77223A22247B6F7574636F6D653D3D27E9A9B3E59B9E277D222C22657865637574696F6E6C697374656E657273223A22222C2264656661756C74666C6F77223A2266616C7365222C2273686F776469616D6F6E646D61726B6572223A66616C73657D2C227374656E63696C223A7B226964223A2253657175656E6365466C6F77227D2C226368696C64536861706573223A5B5D2C226F7574676F696E67223A5B7B227265736F757263654964223A227369642D36363737394645452D363036452D343632382D423145422D433933373331413032423633227D5D2C22626F756E6473223A7B226C6F7765725269676874223A7B2278223A3531322E393632393334303035353137362C2279223A3230347D2C2275707065724C656674223A7B2278223A3331392E39393939393539373636383635332C2279223A3135352E363332383131383830303838347D7D2C22646F636B657273223A5B7B2278223A35302C2279223A37382E39393939393939393939393939377D2C7B2278223A3531322E393632393334303035353137362C2279223A3230347D2C7B2278223A3331392E39393939393539373636383635332C2279223A3230347D2C7B2278223A35302C2279223A33392E39393939393939393939393939397D5D2C22746172676574223A7B227265736F757263654964223A227369642D36363737394645452D363036452D343632382D423145422D433933373331413032423633227D7D2C7B227265736F757263654964223A227369642D46413331463544382D324246362D344344422D423545312D383145354242463643354146222C2270726F70657274696573223A7B226F766572726964656964223A22222C226E616D65223A22E689B9E58786222C22646F63756D656E746174696F6E223A22E689B9E58786222C22636F6E646974696F6E73657175656E6365666C6F77223A22247B6F7574636F6D653D3D27E689B9E58786277D222C22657865637574696F6E6C697374656E657273223A22222C2264656661756C74666C6F77223A2266616C7365227D2C227374656E63696C223A7B226964223A2253657175656E6365466C6F77227D2C226368696C64536861706573223A5B5D2C226F7574676F696E67223A5B7B227265736F757263654964223A227369642D44344437383635312D333142432D344642372D423246452D394335363938393041324434227D5D2C22626F756E6473223A7B226C6F7765725269676874223A7B2278223A3635392E313630383737313431303939332C2279223A3131357D2C2275707065724C656674223A7B2278223A3536332E303238393135303530373131352C2279223A3131357D7D2C22646F636B657273223A5B7B2278223A34392E39393939393939393939393939342C2279223A33392E3939393939393939393939393938367D2C7B2278223A31342C2279223A31342E3030303030303030303030303030377D5D2C22746172676574223A7B227265736F757263654964223A227369642D44344437383635312D333142432D344642372D423246452D394335363938393041324434227D7D2C7B227265736F757263654964223A227369642D39373833373743342D374642452D343037352D393046302D314330463335374242373844222C2270726F70657274696573223A7B226F766572726964656964223A22222C226E616D65223A22E794B3E8AFB7222C22646F63756D656E746174696F6E223A22222C22636F6E646974696F6E73657175656E6365666C6F77223A22222C22657865637574696F6E6C697374656E657273223A22222C2264656661756C74666C6F77223A2266616C7365227D2C227374656E63696C223A7B226964223A2253657175656E6365466C6F77227D2C226368696C64536861706573223A5B5D2C226F7574676F696E67223A5B7B227265736F757263654964223A227369642D43394244363946312D453533302D343844432D393237392D383132374246433337303833227D5D2C22626F756E6473223A7B226C6F7765725269676874223A7B2278223A3436322E32313436373635343439353935362C2279223A3131342E39393939393937303630383033367D2C2275707065724C656674223A7B2278223A3337302E373438323533343337323434352C2279223A3131342E39393939393931373633333235357D7D2C22646F636B657273223A5B7B2278223A35302C2279223A33392E39393939393939393939393939397D2C7B2278223A34392E39393939393939393939393939342C2279223A33392E3939393939393939393939393938367D5D2C22746172676574223A7B227265736F757263654964223A227369642D43394244363946312D453533302D343844432D393237392D383132374246433337303833227D7D5D2C22626F756E6473223A7B226C6F7765725269676874223A7B2278223A313230302C2279223A313035307D2C2275707065724C656674223A7B2278223A302C2279223A307D7D2C227374656E63696C736574223A7B2275726C223A227374656E63696C736574732F62706D6E322E302F62706D6E322E302E6A736F6E222C226E616D657370616365223A22687474703A2F2F62336D6E2E6F72672F7374656E63696C7365742F62706D6E322E3023227D2C227373657874656E73696F6E73223A5B5D7D, null);
INSERT INTO `act_ge_bytearray` VALUES ('25024', '10', 'source-extra', null, 0x89504E470D0A1A0A0000000D49484452000002E2000000FE08060000007F6860F6000000206348524D00007A26000080840000FA00000080E8000075300000EA6000003A98000017709CBA513C0000000467414D410000B18E7CFB5193000000017352474200AECE1CE900000006624B474400FF00FF00FFA0BDA793000000097048597300000EC400000EC401952B0E1B000020004944415478DAEDDD097854E5BDC7F1377BD80222415194C50D57C46B415BAAA8880B6E4F05014151DB4AADD7DBBA5C151F1554ACF45E6AA5D62A0A57A420BBE2AEC85554F4BAB14914C50A610B01C2120824403273FFBF9339F11892102033C924DFCFF3BCCF4C662621BC79DF737EE73DEF798F73000000000000000000000000000000000000000000000000000000000000000000000000000000000000000000000000000000000000000000000000000000000000000000000000000000000000000000000000000000000000000000000000000000000000000000000000000000000000000000000000000000000000000000000000000000000000000000000000000000000000000000000000000000000000000000000000000000000000000000000000000000000000000000000000000000000000000000000000000000000000000000000000000000000000000000000000000000000000000000000000000000000000000000000000000000000000000000000000000000000000000000000000000000000000000000000000000000000000000000000000000000000000000000000000000000000000000000404C255005006A42381C4E5FB162C5BF1714140CDAB973E7093B76EC480F854254CCC16EA41312C26969699B5253533FDFB367CFA8EEDDBBBF4FADD44D1F7EF861D7F4F4F4BBEDEFD4BDA8A8A8B5B57FF6B107DFFE5DE3C68D7759F9BE59B366333B76EC38CA5E2BA06640100780080BE0BFCBCBCBFB8B858FC6871F7EB86BDEBCB9B39DA64B4C4CA4720E920E66ECE0C66DDBB6CDE5E6E6EE2E2929595A585838E8A28B2ECAA276EA8677DE79A79305F08916104F6BD3A64D0AED3F3AED7FFDFAF52E3939B9303333F3DE0E1D3AFC8DDA01411C4083B76AD5AA59CB972FBFF2E8A38F76471C7184378285E8C9C9C971D9D9D985E17078C0F9E79FFF0A3552BBE6CC99D3D302F72BEDDBB76F4CFB8F4DFB5FB972A56BD7AEDD6CABF3DE56DFC5D40AE259125500E06042B8952B4F3CF144979999490889018DB4B66CD93265C3860DBD070D1AB464C28409CBA895DA0BE1292929334E39E59466B4FF98B67FF7C30F3F1C130A85CE1A3D7AF4446A050471000D8EA6A3646767DFA9109E9191B1D7FBBB0AD6BBDC6F5E76B94B5F71792BDE773BB7AC70694D5ABBE4B40C2AEF20A5A6A62A8CA4E5E6E65E3A70E0C037264E9CB8815A892D4D47494A4A7ADB42788B8ADABFECDCBAD2ADFFF635B7CEFAC1A61573E90335D8FE5BB468E1962D5B76CCB061C3B65818FF8C5A41BC62021B80FDA60B3335275CD3512A0BE1AB17FC8F2BC8FBCE854A76BB70A8D8EDDCFC835B357F9C2BDAB6960AAC014D9A3471EDDBB70F591864AE6C6DEC3C1313475BFB2FA934845B7B5FB3F005AF0FA8FDD3076ABEFDB76BD7CE6DDCB871A46D8F9A52232088036830B43A8A2ECCD49CD88A6C5EF9912BDEBD63AFD715CAF356CCA5026B48DBB66D5B2627271FF7EEBBEF9E456DC4CEECD9B34FB77AEF72D45147B5AAEC3379CBDFF3DA3B7D207AB4FD292E2E6EB47CF9F2BBA80D10C40134185AA250ABA3543627B6B08A113F8D96A3E6B46EDD3AD71EAEA62662C7DAFDD59999996BAA9A134E1F888DC30E3BCC6DDFBE9DF60F8238808643EB846B89B6CA844BF654FECD61D616AF49AD5AB53AD21E7A501331D5C3EABD4D551FD05414FA40F4696A906D8F8EA32610AF92A90200FB4B37EBD1EA05A87DF6775020CCA42662EA4C3B104DA71A6A5FD3A64D15C4D3A809C42B46C401EC37DD64839B95D4918D78E9DF814195D84AA7FDD79DF61F0E87A90810C401C097D2E8904ADF4B4E63241D0DA00FA4B7A00F0020880388BD9647FFDC25A736D9EBF5A49446AE65BBEE5410EA7F1F687F8E4B4C4AA50F0020880388ADA69927BA26AD4EA8F0F566AD4FA68250EF1DD2B6AB4BCF38923E0080200E20F64AF614EEF55AF1AEED540C1A847038E442C545F40100047100B1B37BC746EFEE81051B97EEF5DE8E4DDFBB555F3EE77D06A8AF8AB6AFF3DAB91EE9030008E20062223F678185F0B16EE79615957E66E7D6952EFBF3A7DD96559F78A386407DB275CD676EE517635C61FE6AFA00807D62C92B00074DA37BEB97BDE98DF655876EF3ADCF6FDFB8D4B53EFE5297DEAC0D9508FA00800687117100074DA37BD50D20411A39D7E821401F004010078003A0D1BD0355E5ADC001FA00807A8CA929000E5AA79E23A804D00700603F31220E000DD3D9567E55C5FB9AB4DCB482D747517500401007001CB843ACA454F1BED6D79B1179FE4B2B9746CACF228F5758F92FAA1171E6662B27459E9F1E78BD5D35BE7740E400F5E248FF0108E200806A9B542E5077097CFDBF560E0B7C5613975F8A3CFFC2CA9B91921379DC62E53EAA1471E6342BAB22CF9FB4921A79FE620599E8092B99EEC7334383AD6CB2A29B243C4E55A22630471C001A8EC44888F6350B7C7D9D95F5E53EFF62E0795F2B3BAC1C1109EE2E1252D651AD8893BC93EE4ACF021D6BA595953556FCAB6C15CECB2FEAFE9E95ABAD7C1DF99C0E3E7B46C2FB62573A42AE7ED3DFCA36AA180471C49570389CBE64C992C10B172EBC76DDBA75A7E7E4E434DEB66D5B725151914B4E4E0E376BD66C4FCB962DD76664647C621F7FE49E7BEEF98E5A030E4AEB4088D68878232BFE3DD70F0F7C4E41A593155D817889955EAE74AA8A2C0C7C6EA895875CE928215097A547DA786224502FB7F26B573AC5644FE073AFBAD291EF2D91E7A26958BD23ED5C07AE5759C9B632CBCA64AAB6FA060E1CD8B6B8B8F8AA848484735DE9D420FD4D74C6A1C84AAEE58245F6DEC749494953264D9AB486200E442980BFF4D24BCF8E183162C0A64D9B924F3CF144D7A3470F77D45147390BDE2E3D3DDD59184FD8BE7D7BEAEAD5AB3B6465657558B060C1B5B7DF7EFBAA1D3B768C78F6D967C7528BC001D9E0AA1E11F7FD2B5206BAD211EF17ACFC3E123E66473ED3D9CAB0486001EABA82489BDE1509D46D2321FCDC48BB9607AC3C52AE4DEBFA084DD37A2FD21F7A46DABE7FF0AAEF7D9BEAADDA80010374F0726B28143AC782766A25074AEDEDBDF63AD0292929F9EFFEFDFBCFB5AFC74D9E3C7922411CA8219F7EFAE94D8F3EFAE83FF2F3F3D3AC93B9CE9D3B3B3BF2DDBB475A1857C9CCCC74679C7186BBFEFAEB13162F5EDC6ECA9429CF0C1932E4CECD9B375F3E7DFAF47F51A340CC689595E041F0004238E28CAE81D0D99E41562644DAEFACC87B9A72A511F29DE5BE47C17B8E950F23A1FD43F7E3859AAFB8BDA7B320C0F6F30AD7CF84C3E18B0EE0DB7BD8F7F5B09F31C482F98DF5759F4F10474C58674A7EF5D557678F1F3FFEBCDEBD7BBB4B2EB9A4C2005E1585762B49EFBCF34EA769D3A67D75F3CD37FF07A3E3C07E09CEEF2E3F35A57525DFA353F9BAC04DA3E7DD02AFB36A04E28946B67F1F09DF132B08DC39E55ECBB0727FE4F58F5CE9F409856ECD15F7A7B2E8B95651E13A890AF4EBD7AF7F6262E23F42A150D9B642FBFD534E39C575EBD6CD1D7BECB1AE458B16AE59B3666EE7CE9D6EEBD6AD2E3B3BDB7DFEF9E76EC182056ECF9EB21943DDEDFB160E1830E096FA383A4E10474C42F8071F7CF0C99C39737E76C71D77B8E38E3BEEA07EDE45175DE43A75EAD468E4C8917FFBCD6F7E933676ECD8A7A865A05AAEB5B236F075706A4A45A7D79BB8D2D3F58F46F617CDD87F204E7D14297FDFC7E77401B2AE87D0C597BA80333BF05EFBC881ECBF050E4635C5E511AA77AF107E9985F08916C293FC00AE01B85EBD7A7967BACB6BDCB8B1578E38E208F7F39FFFDC0BE56FBCF1867BEBADB75C4949893ED2D4B2C43F2D8CA75B18AF5703702C5F88A8D348F8CC99337FF6C0030F1C7408F7B56BD7CE3DFCF0C38DACA38FB48E39885A06AA656D15EF55748A5D176C8E77A57364FD0BD5FCB29EEA443DA0E92AC1333DDDCAB5FFA2C0D7D991B63F3F529E27845718C235123ECB82B317C215AE1F7BEC315DA8596108AF8846CAF5797D9FAE1FF3D9CF7CAEBEEDF309E2882ACD09B723DAF36EBBEDB66A77C0EAD2CFBBEFBEFB9AA6A4A43C691DB313B50DECF7F67F5FFB00AD6AB0B282E032D2958E1C02F142A3D74A748D02ED5FEBE86B59CECFDC8F677B34C2ED8F78979FAEA5F734C5E5E448D1F3BFB98AEF40DB20694E785252D23FFC107EC20927B8E1C387FF244CEF0F7D9FBEFFD4534F0D86F1A7EBD33E9F208EA8D1EA28B367CF7E5A73C26B6A24BC3C8D8CDBD1779A1D7D3F4F8D03FB45AB9FEC6BE9B5E09CD95F471E35127EAFFB71AE39100FB64402F6F1AE7405159D01BACBFD3855E51F9136AE5555FC1BFEDC6AE593C8F3342BCB22A1FDBF23E5B3C8CFD849F546426562E2587F4EB846C2EFBCF34E6F0EF8C1D094953FFEF18FC130AF692ACF11C4817D98356BD6382D41A839DDD174E9A597366ADEBC7907A6A800FB65F77E7EBE982A43BCEF965CE928B6EFF5C0734D3919E74AA79BF86BE66F0C846C05F9BB23FDA67C61E51457BA44A185F00BF45C73C2159E0F368407C3B8CEAC071679E85E5FF6F90471448546C3B3B2B2AED1128529292951FFF7860C1972881D89DF4ACD578FFD5DEED746B3478F1E7171C1DDF3CF3FEF727272BCE73FFCF0C34FDED3D5F55579EAA9A7DCB66DD5BFE9DDA79F7EAA83C84ADFCFCDCD750505057BBD7ECF3DF7D0B0E80351A136F7E5975FEE7D64545CEC366EDCB8FF4760BB2B3F061B3B766C95EFFB9F59BA74A9F77CF1E2C565AFAF5AB5AA3E3799107D629FCAF6C1BA30F340A7A354463FEFB2CB2E0BE68C21F5A1DEB9EA1D51A13B666ED8B021594B0EC6C269A79D969A9696D641F3D3A64C9992CD5F609F1EB18D983BFCF0C377F4EBD76F96AE6EB79DFABCE9D3A717D4C55F56CB59DD78E38DDEF3F7DF7F5FEDCB5B675EFEFEF7BFBBD75F7FBDD2EFD50DA3FEFCE73FBB471F7DB42C842C5AB4C875EDDAB5C2CFEB6AFDC0B2597B69D5AA95BBEAAAABBC7F73DEBC7965A17CFEFCF9EEEDB7DFF6C2D1C71F7FEC5D6404FA404D983871A2EBD0A183774F85499326B9430F3D545300DC840913BC9BA1DD7CF3CDDEE7366DDA54168CB51C9CBED681AA42D1F7DF7FEF4DE5DBBE7DBB5BBD7AB5BBF7DE7BBDCFAD59B3C6B56DDBB6ECDF6AD2A48917FAB57285AFFC67D4FF34C822B7DF7EBBD7EE53535375BF07F7DE7BEF79BF1BE2B74F1C76D86105F6F79D95909030A9BA7D4277CC0C8542E7E9B9BF424A345C7CF1C5EECD37DFF4B7D1DDEBC33E9F208EA8D06DEB2BBB594FB49C7AEAA9B99F7DF6591F7B3A8ABF40B535B18DED40DBF80EB4BFD536DBA8BD625FBF68073573C78F1F5F54DBBF9C46FBB4D35FBB76AD56DFF136BEE5DBD42187FCB89CB542F0CB2FBFEC05169D89D1E7B556AD02883F5AA750F1CD37DF789F494E2EDD040E1E3C58A755BDE70A2185858565A754FFFAD7BFBA7FFEF39FAE75EBD2EBB6F43D0AE272E69967961D1028206927A170FEC8232CA410A77D20DFFAC0AB75A90FE8C071DDBA75EEAEBBEE7273E6CCF1DAA9DAA0DAB30E0AFD102E0AE89D3A75F20E12AFBEFA6AAF0DEB0C8FDAA542F92F7EF10BEF730ACE3E0B31EEA4934E2A0BCF1B366C70CD9B372FFBCC071F7CE0FD5CFDFBEA5F454545DEA3CE4CE9671E79E4915E08178D5812C2E39FB57F5D7C3AC8FAC420FB7B6EB536F7AA7D3DB9AA3E11B96DBDB771D6BE5F77C98E06ADA6A26DB7EDEBFD97E27E9F4F104754D88EE3748DD4C452B76EDD5A58E73C97207EC074038BEB6CE37B9DED6C8B6CE33BCDBE7ED9FE96AFCF9D3BB756E6076B651C8DCC4D9D3AD50B137EE0EDD9B3A76BDAB474A182E9D3A7FFB841B380D2B76F5FEFB9A6A428502B40880272565696BBE1861B7E32DA27A150A8ECE78B460D83FF9E1FC27DFE68A0CC9C39D31B455458F2C34B5E5E9E465A6951F1A779A00F14DADF79AA858B576AB30F58F071F7DF7FBFDBB2658B7BF6D9675D972E5D9C0522A7E5602FBDF4522F14FB0794A20BE47410AACF28202BC8AB5D7EF5D5576581B93CFD1C9F0E5415A8FD552AB4EA8546E345217CFDFAF55E7FD101B05ED7B431FD6EC12988BFFAD5AFDCB871E37E72908CB80DE52DAC3F5C6F4FAFAFAA4FD86BE7FACF2B3BDB5853F4F303413CEEF7F9047144454E4E4E638D42C652C78E1D1BBBD2E5D670F0D2FD8DAF054A8D94CFB60DEDB8DA1825D488B346D9143656AC58E18D726B64D01F890E86906038165D2C14F4CB5FFED20BF12FBEF8A23BFAE8A3CB5ED728A01FA2CB8F886B7EAE4FA380DF7DF79D1B366C987BEDB5D7DCBBEFBE5BB62C67701A96A6C2283C692411714BCBDCDD60FDE006EB031A297FDBFAC078F58158FD021ACD56BB54A0FDE8A38FBC6958BB76EDF20E329F78E2092F10DF7AEBADEEFCF3CFD7EA51DED70AE6EA233A30547F51F8F647C4F539098E88EB40F54F7FFA9337CA289AFBAD91769D85D25D0E757DC5DD77DFEDBDA7835F15FD4C8D78EA330AE1FADDFCEDBD7ED67DF7DD47086F607DC242FAE9817D71547F89F6EDDB07BF8CFB7D3E411C51611BEF649D428A25DBF964DA06A2D8360EC3F90BD4288D94F7B1BAEDA31131ABDF1F0EE402B103A57F53735A274F9EACB98B5E40CEC8C8287B5F23E043870E75BA6BAB42B12EB43CFEF8E3BD53F30A1CFEC8B6E6C4EA34BC8282C24330886BC4BBAA1171DF31C71CE315FD2E1AF1BEEEBAEBDC33CF3CE3ED182EBCF042EF331A797CF0C10763164434FAAE79C0B4FBA8D248793FEB03FDD41EA74D9BE64DC9505B88A6B3CE3ACB6BB39A777DEDB5D77A53B5F4F756FBF28D1933C65B224E415C07ACB367CFF60E1835A75BDBE0EA8C88EBF30ACFA200EF9F71D259A4952B7FBA8CBC0E5AF5791DCC0E1A34C86BE7575C7145D9F7EAF7D10A17B1A4EB3468FFB5DB275CE062D668EFFBCBFDFC560471A092F0E48F58C672F4C88ECED5A687F11788AA6374F1A4826EB47DFDF5D7EEA1871EF20284EEB2A610A011EBEEDDBB7B4B593DF9E493DEE7CE39E79CB291717FFEB62870AB2D2AA8EAF4BBC249F0A2B39AA053A437DD7453D9D79A4613CBD1408D462E5CB8D0D1EE6347076A0AE33A008C365D58ACF6AF36A550AD6950BA584DCFB58DD5C5CBC1BEA8552514D8D52714A675F17170445C07B2EA47411A45F747C9357D4BFF967EB69EB769D3A6EC730AE60ADA7A5F0706E503B73E1BEB102ECB962DA3FDD7BEB28B036A6AC9C2CA946B63E9F15E71047144455A5A5AD80250422CC378D7AE5DF366CC98D1C2C2F8A3FC05F6A93A3BAD92B0891CDC94B1AF979F79E6991D63F14B9E7CF2C9DE88A04EBF8B4E876BA508856A8DFE69A450A148A384B7DC72CB5EDF7FF9E5977BA7F0359DE4E9A79FAEF4DF09CEEF2E3F35A57C68F1691A802E24D5BFAF039360F88F254DB7D1A8A585F18768D635DE07FCE5737EB206ABCEC8C4E240546D4CD3423442AD333FC1BB0BEA6C8C2E220E9EC929FFBD6ACBFA5E85767FCA8ACE2E2994070F487510EBFF9CE088B84A70445C07C02A7FF8C31FAAFCBD752050D37752AE8ACE80D1FE63D627FCB52D53CBED1742B6BB48F40F54A319C6B522504051BC573A411C51613BAA3D5BB76E4D8DE5056B2929299B6D635064C16D387F81AAF5EFDFBFC20DAEA6F6681F6EF5A88D6C923DEAB5ADF638474B59D901D6DB9A237ED34D37856336CC1258854123815AE121722AB4D210121C39D1A8BA2E2AABEAA050E15E17B9F98253537AF5EAB5D7E777ECD8E14D71D17417059CE0BAE2FA3A96349F57F37BEFB9E71EDA7D0DF401856F6BF3EA03697E002FDF072C14172AFCC5A2EDFBCB01AA5D69059373CF3DB7F284149986A2916B7D8F565851185770D1A8B146B215AECB4F1DD0129F158D886B8EB92ED6DC171DAC6A3EB9EF8B2FBEF8C905A0D1A6FF13DBFDA8F6894285EC489F48ADA84FD8367989BD7CACDED35998680671FDFC803C82385001DBD0AF5AB972E5B1B10CE24B962CD19D5E4AA8FDFDB63B526F8D02A3DF4A96DA334F6DD4A8D11C0BDF5B6BEB975300D1E89EE834BDE6C78E1831C22D5FBEDC7BBDB2E5D2345AADD1F4871F7ED8BB00AD4F9F3E5E30E9DDBBF75EA13C18C2AB3A10F069845D23ED1A49D40599C10382E02A2E881B85AE748E6B13856F1D8056D507344D2A16B4F6F7C89123BDEB11CE3EFBEC4A0F3CD5D6355AAE034805EEE79E7BAEACDDFA2B0469B5132D5FA8F6AACF07F92B0B497044BC3C9DEDD141A87F20ACFEA73EA98BA375464AFFBE68E5154D07F32F00455C52FB4F88F48946FBEA1316E217F9415CDBE69ABE994F50F0A04FBB05823850818C8C8C0FB2B2B28EEDD6AD5BCCFECD4F3EF944A3B41F50FBFB2D35B0E19D61E50D0BAAAFD7853594456B22EB54BA1E352F5CB422894ECB6BFD6FADDCA0A5DAB45C9A028B4603152674219D7F131F8D886BCEAC6E8C72CD35D778EF6BBDF18AE68B2B5CF8C1BF321AF12B3F1756A382A3478F76B1BC901535A6515DEC03C71D779CD7D6FDE503B596BE0EFE14B2FD8B9145E1581732EBA2633F54ABCFE80C923F454423946AB7929F9FEFAD151EBC60D9A7E92BEA53158D84FBABB7E800C10FEA5A21C81FFDFEDDEF7EE72D67A8FE18CD20869868BA3F7D221C0E7F60615D6B7A7B53F5AA3A7373B0825301EBC33E9F208EA8B00DFD632B57AEBCB1A4A424314637F529B29D432717B8C52EF64DA717ED61AEEDD85F882C4DB8B5AEFD8EBAF852A5FC7AC99A23AB12A4CF287057B857B1E0A0A0A052158D0656B6BA842F18C275F19A2804F9C11FF4819AE28770F15727A90E8D7C97EF1FD5A175F6AB6AFFFA1D82BF47700ACABEA68AA1FEF609DB36CFB2FDFD5FF5547777DDBC7973546EEAA36929F3E7CFD7A05B42E4A5190471A00223468CF8E18E3BEE58611DF298589C9E9C3D7BF6CC5028D48EDBDB57DB03090909D9E9E9E933EACAC8773536F435F2997DD957088FC6BF09FA405DB1BFED1FF409993469D29A010306CCB510DFD302B97BEBADB7A232854B67818A8B8BFD103EAF3EECF3D983206AF2F3F387BE683A77EE9C1CE551F1AD2FBCF0C249B601799C5AAF1EDB788DA016401F0050837DE2292B3DF544415C67276B728A9256FC79EDB5D7CA46C36D9F3FA63ED47B224D0FD1326EDCB8E90505054BD521A369D4A8511A0DDFB16EDDBA29D43A0000B13779F2E459F63057CF352AAE0BDAFD0B780F9656FE193D7A7489EDEBCB46C3EBCB3E9F208EA8CACFCFBFE2E5975F2ED4C53DD1B064C99257E7CF9FDFDB8E8C7F3B77EEDC626A1C00805A73A38B2C29989393E3FEF297BF1C74185708B7501F5EBB76AD7F6ABDA03EEDF309E2882ACDDFDABD7BF76FAD33EEACE9D524AC537E3C72E4C8D3AD43FEA71D897F4B6D030050BBFBFC7038ACE5ADBC90ACA55E870F1FEE4D2B3910FABE071F7CB064C99225FE48B8A6A4DC529FF6F9047144DDC4891327151414DC76FFFDF717D4D4C8B846C2EFBEFBEEA34A4A4A9EB60E39915A0600A0F64D9D3A5553467EEB87718D8C0F1D3A54177496BF194FA5F439DD07E2DE7BEF0D8E846B4597A1F56D9FCFC59A8809EB80FFD3AF5FBF9D0F3FFCF0983E7DFA245D76D9654D0EF002CEAD8F3FFEF8AC2FBEF842EB640DB50E3F9EDA0500A0EEB0103DDEF6F95A79E5E9848484169A33AE7B41E89AB1CE9D3BBBAE5DBBBA8E1D3B7A7779D51AF79A7EA2F0AD9BF5CC9F3F5F25B46BD72E0D16FB23E15ACFFCB6FAB8CF278823A647C9FDFBF7FF74DAB469E3AC339E3C64C8908C2E5DBA34AAE6B717BDFBEEBBB3264C98706C7171F1B1D6B1CF633A0A0000757B9F6FFBEBE7B4ACA15E5320D75D5755F6213863639EE684D7D77D3E411CB13E4ACEB6870BAC73F619356AD42DA9A9A9A776EAD46963F7EEDD9B76E8D021B565CB9687EBF6E3858585EBEDE838FF9B6FBEF97EDEBC7949DF7FFFFD09D681751BC4A772737327726126000071B1CFBF50FB7C0BD3432C90F7D88FEC39CFCAB8FABECF2788A3B63AA7EE863563E0C0816D172F5EDC67D1A245BFB0AFCFB4A25359E9569A5BD963456B86FEAF955BB8590F0000F1BDCF0F85427D2C90FBFBFCC323FB7CEDFBB5DACA22577ADBFA190D659F4F1047ADD2DDB8ECE18948010000ECF31B0C564D0100000008E200000000411C00000000411C000000208803000000208803000000047100000000047100000080200E00000080200E00000010C401000000823800000000823800000040100700000040100710EB0D47626238140A51117580FD1D56DA433135115345917A47EDB77F97909010A626401007D060A4A7A76FD8BE7D3B1551076CD9B225CB1E16511331F5655E5EDE52AAA1F6151414B8B4B4B44DD40408E2001A8C94949479F9F9F954441D909B9BBBCD1EE652133135D7EA7D2BD550FBB66DDBE65253533FA726401007D060141515FDD7BA75EBF684C39C11AE65D99B376FEE6C8F33A98AD8B1763FD30E44CFB6C71FA88D5A3F10DDBD67CF9E51D40408E2001A8C73CE39E7730B215FE5E4E45019B5282B2BEB5DFB3BE45C78E1859F521BB1D3AB57AF4556EF4BADFEDFA7366A8FB63F2525254BBB77EFCEDF010471000D4B5151D1A0ECECEC9D3A358CD8DBBA75EB2B9B376FBE3C140ADD4E6DC49EEA7DCB962D97E5E5E5BD4C6DC4DE8E1D3B9C6D7F0ACD206A03F12C892A007020264E9C9877DD75D77DBE69D3A62B9B376F9E9E969646A5C430842F59B2E4D4848484DFF7EAD56B1E35523BED7FF0E0C18B376EDC785393264D3E68DCB8F189D44AEC42B8B5FF6D898989375E70C10573A91110C401344813264C583E68D0A02FD7AF5F7F9585C21D1919198DEC918A899EECACACACE9D9D9D9E72B84F7ECD9F375AAA476DBBF85F1A516C6EFD8B66DDB8BAD5BB73ED4FE2E2DA899E859B366CDE66FBFFD76574949C9A0F3CE3B6F163502823880061F46060E1C382B3F3FBF734E4E4E465151D1B2C4C4C484B4B4B4A67539942F5FBEDC8D1933C6B569D3C6B56CD9B2CEFE9E5AAF7AF3E6CD1FAF58B162FE77DF7D7768616161B2BD369091F03A7530FADAAE5DBBAE59BD7A75A6F583B7ADDDAF69D4A8514A5D0EE5797979EE9D77DE71999999AE71E3C675B9FD6B6594756BD7AEB5E6FF5DC8FAC23716C2AFA1FDA3BE60E80A408D993D7BF6E9163EAEB6A73DAC9C6925BDAEFEAE2FBDF492D6E076191919AE6FDFBE75B95A75B31EAD133ED7CA4C2ECCA4FDD784050B16B8850B17BA2E5DBAB833CE3883F60F10C40120366EB8E186F4A2A2A242FFEBF4F4F446E3C78F2FA266D050F4EFDF7FB83D0CB3F2D094295386532340ED60D514000D8E85F0B3825FEFDAB5AB07B502002088034094252424DC18FC3A1C0EFF9A5A010010C40120CA42A1D025E55EEAD1B76FDFA6D40C0080200E00513260C0808B13121232032FE962B05649494917533B000082380044492814BAA8DC4BFE45EB57523B000082380044418F1E3D92EDE137E55EF6EFA770955653A1960000B1924C15006828DAB4697356381CDE6B2EB8BDB63B2121A1E9AE5DBB343D85BBF5211EE882E3FFDBC767B444E74AAA0AA8BB181107D06058E0BEB9A2D72D842745DE677A0AE2C55A577A7D4365E5682B29A40BF70A000003AC494441545413401007805AA7692916B42BBB20D30FE29A9ED282DA421CF8570525BB82D700D4614C4D01D020B46EDDBA47B9D552CA2BB4F75B14161676B7E7AF5363881343ADF40B7CBDD8CA60AA05208803409D919898B8AF6927DEEA2916C60713C41147A65A792CF2BCA395E554091047FB26AA00400371FD3EDEF7564C0987C33D23ABAB00001055EC6C00D47BD75C734D4F7BC8A8CE67353DE5B0C30EEB634FA750738803A75B9916F87AA995EBA81680200E00758285EB33F7F3F39DA835C48957ADBCC47E1D208803409D3475EAD491F63032F85AFFFEFD87DBC3302B0F4D99326538B58438738A95C655BCDF31F27E16550510C4010040CD5916792CAEE0BDC4C0FB0008E20000A0067D4B1500F18F55530000A89F06500500411C0000D42CFF8CF6282B975A39AD82FDFB38AA0920880300809A73B6954F23E17BBB9537ADDC6A6585157FC59F59AE746943007170440D0000E2C3FF5939C7CAD7563A445E1B1279BCC3CA0B56EE725CB009D4798C880300107F9A5B39CBFD74FA8946C0FFCDCA602B97534500411C0000D4BC5E56D65BF9B395A3AC1CEB4A47C007BAD2155566BBD2B5C40110C40100400D7A21F2A8F0ADD16F5DB0A9D1F0765652ADCCB1F247AA09A8DB98230E00407CE966654CE479A195B15672ADACB572B2958956DA5AE94155010471000050733EB372A5959591FD7833577ACBFBE5561EB2F24B573A5D65BC950BA82EA0EE626A0A0000F1E97957BA5C615357BA8CA18C8DECDB9B13C20182380000A8791A05BFDFCA4E2B8758F9CFC863B695CBAC64514540DDC7D4140000E24FF9A03D30F2B82512CE01C40146C40100A85F36520500411C00000000411C000000208803000000047100000000047100000080200E00000080200E00000010C40100000010C401000000823800000000823800000040100700000008E20000000008E200000000411C00000000411C000000A82F92A902000DDCB0FEFDFB530B6870ED9E2A0008E20040280100000000000000000000000000000000000000000000000000000000000000000000000000000000000000000000000000000000000000000000000000000000000000000000000000000000000000000000000000000000000000000000000000000000000000000000000000000000000000000000000000000000000000000000000000000000000000000000000000000000000000000000000000000000000000000000000000000000000000000000000000000000000000000000000000000000000000000000000000000000000000A03EF97FCC79B99A7D9D5D7B0000000049454E44AE426082, null);
INSERT INTO `act_ge_bytearray` VALUES ('27542', '1', '请假流程.bpmn20.xml', '27541', 0x3C3F786D6C2076657273696F6E3D22312E302220656E636F64696E673D225554462D38223F3E0A3C646566696E6974696F6E7320786D6C6E733D22687474703A2F2F7777772E6F6D672E6F72672F737065632F42504D4E2F32303130303532342F4D4F44454C2220786D6C6E733A7873693D22687474703A2F2F7777772E77332E6F72672F323030312F584D4C536368656D612D696E7374616E63652220786D6C6E733A7873643D22687474703A2F2F7777772E77332E6F72672F323030312F584D4C536368656D612220786D6C6E733A61637469766974693D22687474703A2F2F61637469766974692E6F72672F62706D6E2220786D6C6E733A62706D6E64693D22687474703A2F2F7777772E6F6D672E6F72672F737065632F42504D4E2F32303130303532342F44492220786D6C6E733A6F6D6764633D22687474703A2F2F7777772E6F6D672E6F72672F737065632F44442F32303130303532342F44432220786D6C6E733A6F6D6764693D22687474703A2F2F7777772E6F6D672E6F72672F737065632F44442F32303130303532342F44492220747970654C616E67756167653D22687474703A2F2F7777772E77332E6F72672F323030312F584D4C536368656D61222065787072657373696F6E4C616E67756167653D22687474703A2F2F7777772E77332E6F72672F313939392F585061746822207461726765744E616D6573706163653D22687474703A2F2F7777772E61637469766974692E6F72672F70726F63657373646566223E0A20203C70726F636573732069643D226D794C6561766542696C6C70726F636573732220697345786563757461626C653D2274727565223E0A202020203C646F63756D656E746174696F6E3EE8AFB7E58187E6B581E7A88B3C2F646F63756D656E746174696F6E3E0A202020203C73746172744576656E742069643D227369642D33334133353038422D373441372D343345302D384533442D463742394545353142423544223E3C2F73746172744576656E743E0A202020203C757365725461736B2069643D227369642D36363737394645452D363036452D343632382D423145422D43393337333141303242363322206E616D653D22E68F90E4BAA4E794B3E8AFB7222061637469766974693A61737369676E65653D22247B696E707574557365727D223E0A2020202020203C646F63756D656E746174696F6E3EE68F90E4BAA4E5AEA1E689B93C2F646F63756D656E746174696F6E3E0A202020203C2F757365725461736B3E0A202020203C656E644576656E742069643D227369642D44344437383635312D333142432D344642372D423246452D394335363938393041324434223E3C2F656E644576656E743E0A202020203C757365725461736B2069643D227369642D43394244363946312D453533302D343844432D393237392D38313237424643333730383322206E616D653D22E7BB8FE79086E5AEA1E689B9222061637469766974693A61737369676E65653D22247B696E707574557365727D223E0A2020202020203C646F63756D656E746174696F6E3EE7BB8FE79086E5AEA1E689B93C2F646F63756D656E746174696F6E3E0A202020203C2F757365725461736B3E0A202020203C73657175656E6365466C6F772069643D227369642D38424333383745452D313636342D343531392D394136342D4635374338363937393635332220736F757263655265663D227369642D33334133353038422D373441372D343345302D384533442D46374239454535314242354422207461726765745265663D227369642D36363737394645452D363036452D343632382D423145422D433933373331413032423633223E3C2F73657175656E6365466C6F773E0A202020203C73657175656E6365466C6F772069643D227369642D46413331463544382D324246362D344344422D423545312D38314535424246364335414622206E616D653D22E689B9E587862220736F757263655265663D227369642D43394244363946312D453533302D343844432D393237392D38313237424643333730383322207461726765745265663D227369642D44344437383635312D333142432D344642372D423246452D394335363938393041324434223E0A2020202020203C646F63756D656E746174696F6E3EE689B9E587863C2F646F63756D656E746174696F6E3E0A2020202020203C636F6E646974696F6E45787072657373696F6E207873693A747970653D2274466F726D616C45787072657373696F6E223E3C215B43444154415B247B6F7574636F6D653D3D27E689B9E58786277D5D5D3E3C2F636F6E646974696F6E45787072657373696F6E3E0A202020203C2F73657175656E6365466C6F773E0A202020203C73657175656E6365466C6F772069643D227369642D39373833373743342D374642452D343037352D393046302D3143304633353742423738442220736F757263655265663D227369642D36363737394645452D363036452D343632382D423145422D43393337333141303242363322207461726765745265663D227369642D43394244363946312D453533302D343844432D393237392D383132374246433337303833223E3C2F73657175656E6365466C6F773E0A202020203C73657175656E6365466C6F772069643D227369642D36373841453838442D343733392D343239422D384639412D35464541444239423235374522206E616D653D22E9A9B3E59B9E2220736F757263655265663D227369642D43394244363946312D453533302D343844432D393237392D38313237424643333730383322207461726765745265663D227369642D36363737394645452D363036452D343632382D423145422D433933373331413032423633223E0A2020202020203C646F63756D656E746174696F6E3EE9A9B3E59B9E3C2F646F63756D656E746174696F6E3E0A2020202020203C636F6E646974696F6E45787072657373696F6E207873693A747970653D2274466F726D616C45787072657373696F6E223E3C215B43444154415B247B6F7574636F6D653D3D27E9A9B3E59B9E277D5D5D3E3C2F636F6E646974696F6E45787072657373696F6E3E0A202020203C2F73657175656E6365466C6F773E0A20203C2F70726F636573733E0A20203C62706D6E64693A42504D4E4469616772616D2069643D2242504D4E4469616772616D5F6D794C6561766542696C6C70726F63657373223E0A202020203C62706D6E64693A42504D4E506C616E652062706D6E456C656D656E743D226D794C6561766542696C6C70726F63657373222069643D2242504D4E506C616E655F6D794C6561766542696C6C70726F63657373223E0A2020202020203C62706D6E64693A42504D4E53686170652062706D6E456C656D656E743D227369642D33334133353038422D373441372D343345302D384533442D463742394545353142423544222069643D2242504D4E53686170655F7369642D33334133353038422D373441372D343345302D384533442D463742394545353142423544223E0A20202020202020203C6F6D6764633A426F756E6473206865696768743D2233302E30222077696474683D2233302E302220783D223135302E302220793D223130302E30223E3C2F6F6D6764633A426F756E64733E0A2020202020203C2F62706D6E64693A42504D4E53686170653E0A2020202020203C62706D6E64693A42504D4E53686170652062706D6E456C656D656E743D227369642D36363737394645452D363036452D343632382D423145422D433933373331413032423633222069643D2242504D4E53686170655F7369642D36363737394645452D363036452D343632382D423145422D433933373331413032423633223E0A20202020202020203C6F6D6764633A426F756E6473206865696768743D2237392E3939393939393939393939393939222077696474683D223130302E302220783D223236392E39393939393539373636383635332220793D2237342E3939393939383838323431323932223E3C2F6F6D6764633A426F756E64733E0A2020202020203C2F62706D6E64693A42504D4E53686170653E0A2020202020203C62706D6E64693A42504D4E53686170652062706D6E456C656D656E743D227369642D44344437383635312D333142432D344642372D423246452D394335363938393041324434222069643D2242504D4E53686170655F7369642D44344437383635312D333142432D344642372D423246452D394335363938393041324434223E0A20202020202020203C6F6D6764633A426F756E6473206865696768743D2232382E303030303030303030303030303134222077696474683D2232382E302220783D223636302E302220793D223130302E3939393939393939393939393939223E3C2F6F6D6764633A426F756E64733E0A2020202020203C2F62706D6E64693A42504D4E53686170653E0A2020202020203C62706D6E64693A42504D4E53686170652062706D6E456C656D656E743D227369642D43394244363946312D453533302D343844432D393237392D383132374246433337303833222069643D2242504D4E53686170655F7369642D43394244363946312D453533302D343844432D393237392D383132374246433337303833223E0A20202020202020203C6F6D6764633A426F756E6473206865696768743D2237392E3939393939393939393939393937222077696474683D2239392E39393939393939393939393938392220783D223436322E393632393334303035353137362220793D2237352E30223E3C2F6F6D6764633A426F756E64733E0A2020202020203C2F62706D6E64693A42504D4E53686170653E0A2020202020203C62706D6E64693A42504D4E456467652062706D6E456C656D656E743D227369642D39373833373743342D374642452D343037352D393046302D314330463335374242373844222069643D2242504D4E456467655F7369642D39373833373743342D374642452D343037352D393046302D314330463335374242373844223E0A20202020202020203C6F6D6764693A776179706F696E7420783D223336392E39393939393539373636383635332220793D223131342E3939393939393137313939383834223E3C2F6F6D6764693A776179706F696E743E0A20202020202020203C6F6D6764693A776179706F696E7420783D223436322E393632393334303035353137362220793D223131342E3939393939393731303431343034223E3C2F6F6D6764693A776179706F696E743E0A2020202020203C2F62706D6E64693A42504D4E456467653E0A2020202020203C62706D6E64693A42504D4E456467652062706D6E456C656D656E743D227369642D46413331463544382D324246362D344344422D423545312D383145354242463643354146222069643D2242504D4E456467655F7369642D46413331463544382D324246362D344344422D423545312D383145354242463643354146223E0A20202020202020203C6F6D6764693A776179706F696E7420783D223536322E393632393334303035353137352220793D223131352E30223E3C2F6F6D6764693A776179706F696E743E0A20202020202020203C6F6D6764693A776179706F696E7420783D223636302E302220793D223131352E30223E3C2F6F6D6764693A776179706F696E743E0A2020202020203C2F62706D6E64693A42504D4E456467653E0A2020202020203C62706D6E64693A42504D4E456467652062706D6E456C656D656E743D227369642D38424333383745452D313636342D343531392D394136342D463537433836393739363533222069643D2242504D4E456467655F7369642D38424333383745452D313636342D343531392D394136342D463537433836393739363533223E0A20202020202020203C6F6D6764693A776179706F696E7420783D223138302E302220793D223131342E39393939393938393138343634223E3C2F6F6D6764693A776179706F696E743E0A20202020202020203C6F6D6764693A776179706F696E7420783D223236392E39393939393539373636383635332220793D223131342E3939393939393234323932343839223E3C2F6F6D6764693A776179706F696E743E0A2020202020203C2F62706D6E64693A42504D4E456467653E0A2020202020203C62706D6E64693A42504D4E456467652062706D6E456C656D656E743D227369642D36373841453838442D343733392D343239422D384639412D354645414442394232353745222069643D2242504D4E456467655F7369642D36373841453838442D343733392D343239422D384639412D354645414442394232353745223E0A20202020202020203C6F6D6764693A776179706F696E7420783D223531322E393632393334303035353137362220793D223135342E3939393939393939393939393937223E3C2F6F6D6764693A776179706F696E743E0A20202020202020203C6F6D6764693A776179706F696E7420783D223531322E393632393334303035353137362220793D223230342E30223E3C2F6F6D6764693A776179706F696E743E0A20202020202020203C6F6D6764693A776179706F696E7420783D223331392E39393939393539373636383635332220793D223230342E30223E3C2F6F6D6764693A776179706F696E743E0A20202020202020203C6F6D6764693A776179706F696E7420783D223331392E39393939393539373636383635332220793D223135342E39393939393838383234313239223E3C2F6F6D6764693A776179706F696E743E0A2020202020203C2F62706D6E64693A42504D4E456467653E0A202020203C2F62706D6E64693A42504D4E506C616E653E0A20203C2F62706D6E64693A42504D4E4469616772616D3E0A3C2F646566696E6974696F6E733E, '0');
INSERT INTO `act_ge_bytearray` VALUES ('27543', '1', '请假流程.myLeaveBillprocess.png', '27541', 0x89504E470D0A1A0A0000000D49484452000002BA000000D608060000003E5421110000160E4944415478DAEDDD0D8C55E599006092DAB4DD36B14D9AB4A66DB459D3ED7637DDA469D2356D5DD26DD3DD586B1B1DEEDC995127A332B60A15D168558A8204AC5A2A6EA3765D5B595624D445A428F28F20B8FEA0B0A8AD28A0FC0D43594064068499B3E7BDE14C2EC30C8C7067E6CE9DE749BE70E7DE3B3FF978BFFBBEDF77BE73CE902100000000000000000000000000000000000000000000000000000000000000000000000000000000000000000000000000000000000000000000000000000000000000000000000000000000000000000000000000000000000000000000000000000000000000000000000000000000000000000000000000000000000000000000000000000000000000000000000000000000000000000000000000000000000000000000000000000000000000000000000000000000000000000000000000000000000000000094409224A76DD8B061E673CF3DD7B668D1A264C182055A1FB7850B1726CF3CF3CC5FD256272201004A248ADCE5CB9727CDCDCDC9C18307B57E6A3B77EE4C962D5BB6372D7A2F1295267B267A00500291DC15B96553EC1E4C13FFEBA2D264CF440F004A2056B024DAF26969A17B48549AEC99E8014009C4A14349B6AC0ADD44549AEC99E801401F16BAEFEDD99E6C78E177C9AB0BC7155A3C8EE7246785AEC99E26FE0118B0497EDFEEADC9BAA7C7246BE65E7F548BE7E235095AA237D9D3C43F000332C96F7EF589638ADCAC6D79758E042DD19BEC895DF10FC0C04CF2AF2FB9A3DB42375E93A0257A933DB12BFE011890497EDD825BBB4DF2F19A042DD19BEC895DF10F80425793E88D014DFC03502E493E4EBCE92EC9C76B12B444AFD015BBE21F800199E4D73FFB6FDD26F9784D8296E84DF6C4AEF807604026F95D5BD726EBE68F3D76252B7D2E5E93A0257A933DB12BFE011890493EDAC617A71E93E0E339C959A237D933D913FF000CDC42F7C08164FDCAFB8E5DC94A9F8BD7246889DE644F13FF000CB8241F17C37FE3D97BBB3D6C1BAFB960BE446FB22776C53F000327C9A7C97BFBFAC5C9FFCEBBA9DB22376BF19E78AF842FD19BEC69E21F80B24EF2274AEC12BE446FB267B227FE01189049BE2789FD78095FC296E84DF6C4B2F807A02C93FCC916B95993B0257A933DB12CFE0128CB24AF49F4267B267BE21F0085AE26D11B039AF8074092D7247A634013FF0048F2123DC680F80700495EA2C71810FF00BD2649928FAE5DBBB6F1E1871F5E3669D2A4BD23478E3C545F5F9F54575727757575ED3FF9C94F0EDE7CF3CD1BEEB8E38E6969FB1B3D26C96B12BD31A089FF81ABB6B6F6F3B95CEEEA34CFCF4CDBFAB4ED8B9C9FB6D6B46D4C5F9B95FE7B5DBC4F6F31A00BDCC71E7B6CEAF8F1E30F5D73CD35C9030F3C903CF7DC73C9D6AD5B93D6D6D624C4BFCDCDCDC94B2FBD94A48570F2B39FFDAC7DD4A8519B860F1F7EB91E94E43589DE18D0C4FFC091CFE77F94B605693B78A4B0ED495B92BEBF4EEF31A0A4056DC3EDB7DF7EE0FAEBAF2F14B1870F1F4E7AEA95575E496EBCF1C6C38D8D8DAF5755559DAD3725794DA23706C4BF882C5F69B17A565AACCEFB00C56D576DB99CCF4058C53D6DF6ECD98BAFBCF2CA64CE9C391FA8C0ED6CDEBC79494343438BD55D495E93E88D01F12F22CB532E97ABAEA9A9F9BFE2A2B5B6B63699387162B278F1E2E49D77DE49DE7DF7DD425EDFBF7F7FE1A8EEB3CF3E9B4C9E3C39B9F8E28B3B17BBFBACEE52D645EED2A54B9F1F316244F2C61B6F24A5B069D3A6242D9A5B2EBFFCF2ABF4B0242FD1630C887FCAAAC8FD415A981E2E2E70A74D9B56D892D813BB77EF2EBC3FBEAFB8E04D7FA6052ECA4FACE44691DBD300EFA9F879C3870F37CB93E4257A8C01F14F19ADE41617B9D75E7B6D61F5F664C4F7C556C74EC5AE9C4FF9883DB9B15DA1542BB95DADEC5E72C925BBD3C0FFB2DE96E4257A8C01F14FFF893DB9C5DB15C68E1DDBB13DE164C5B68609132674DEC620E7D3FFE2EA0AE3C68D3B187B727BD3DCB9735B6A6B6B57E971495EA2C71810FFF49FB4C85D58BC927BAA456E71B1DB696577B9DEA6DFCD9A35EBBF2230DF7FFFFDA4B7FDF4A73F6D7238439297E83106C43FFD232E2156BC27F764B72B1C6F1B43F19E5D399F7E5FCD8DEBE4C625C4FAC29A356B0E5AD595E4257A8C01F1DF95A143879E26727BBDD05D9015A17122596F983E7DBA555DCA43DCF12C4E403B95CB887D500D0D0D4DB13F48EF9FDA0755DABE25C92B748D0163A012E23F4D0D9FDDB265CBAAB86CD52DB7DC325AC1DB3B6322EE64969D8016ABAEBB76EDEA953C1F5763E874E931399FFE11B7F57DF0C10793BE3479F2E457E2D6817AFFE4151D125A90CBE5FE519257E81A03C6C0408DFF77DE79674C6B6BEBA12C471C3870E0FD471F7D74FD55575DF57722BDB463E2C86D7D0BEFFBE52F7FD9DBB9BEB8D095F3E91F93264DDA1BB7F5ED4B2B57AEDC9406FD1CBD7FEA1F6845EDA9CE3379495EA16B0C1803E51CFFEFBDF7DE3FECD8B1635377B962E3C68DAD698EBABFBEBEFEA322BE3463227D6E66F6FAD2A54B7B35D7C7EA7CD1DF22E7D33F468E1C7968FBF6ED7D5AE836353535A741BF59EF97F403AD63269F7DB049F20A5D63C01828C7F88F7343366FDEFC9F6D6D6DED27CA17EDEDED6DF3E6CDFBCBA851A3CE17F5A73E26D2AFD767CF97FA24B4CEE20E6A457F879C4FFF4867CA496B6B6B9F16BAF1FBD2A06FD5FBA5FF402B9EC9F775928FFC75DB6DB7151E2F5AB428A9A9A929B4D9B367175E8BCBCE74F57D110FF17A5CC7B1A7BF6BD6AC59C917BEF0856E5F7FEDB5D7923FFDE94F5DFE8DBFFFFDEF15BAC680D64FF1BF63C78E0BF7ECD9B3F724F67C1EB8EFBEFB16A505DBA745FFC98F89B4B5645F97EA9262C7BBD458D1EF96F3E9BF81D11F7A3020B5536CFD51E846011A8F3FF5A94F25E79C734EA1C8CD0ADD575E79A5F05A9CFC70EEB9E716DA25975C52783DF68AC57BAEBEFAEAC2D7BFFDED6F0B5F3FFFFCF31D3FFFE31FFF78F2FDEF7FBFF0FA9831630ABFE3E69B6FEEF8F9AB56AD3AE6EF89EFCF8AEEEC7D0F3DF450F2D8638F151E6FD9B2A54F13BDB8ACEC31307FFEFC8E49DDDCB9733BE2FBBCF3CE4B6251A1D4E3EDAEBBEE3AE17BAEBBEEBAC2E3193366142695D9F371B67D5F17BA7142D29429530A272A9DCCC94DF1BDE2BA74ADAF73BD8A8B7E71E9A597B6F7F58A6E4B4B4B93D95DAFCDDC5F887B97C719CB7D95E4B76DDBD65144FEE637BF49A64E9D5A586DDDB871E3510977E6CC991D5FEFDBB7AF63E5B5F8F9E5CB97775B7CC6CF78E491470A8FE3F79D79E69947BD1689BCF8FDB13F2CFEDDB9736792F6C751856EFC1B05B0155D63A0D4C5E7AF7EF5AB42A19B1595D9F33FFFF9CF3BBE6E6A6A4ABEF39DEF1462320ACE9814C6DF1E5F67C5718CA38F7DEC631DDFB36CD9B2A35E3FE38C33926F7FFBDB1D93C998BC7DF18B5F3CE6EF89938DB3C7F133BB1B2F7D15FF71D6FFF0E1C3FFB872E5CAEDEDEDED3DBADCCF9E3D7B1E696C6C5C92FEBFCE72F6FEA98D89B85B99155D06951123461CECEB3DBA6961F467FB754AFE81D6F14196BDA72F937CB6FD20126E772BBAAB57AF3EEA7BDE7EFBEDC2F3F7DC73CF513F27566BE3F9AE8A88AF7DED6BDDAEE82E59B2A4A378CE9EDBBC7973E1F185175ED8F15CF1E3EC7B14BAC6C0A9B6389A91FDBE88AD1B6EB8A1E3F18F7FFCE363DE1F4540BC162BBFD9FBB2495814B35100176FCFE95C9CC6D7E3C78FEFF8FAC31FFE7047311D93CC2CC6E3C84914B8F138DBCE138FD7AE5D7BCCF8EBCBF88F9B16DC76DB6D9B77EFDEDD7C9CFDB9EB1E78E0817F8F7DA5F17E517FEA63C21E5D069DB46058DFD7575D78FAE9A79F740666C93ED0564502E8EA9A93FDB19A15C9350EA77EE8431F2ADC56322B7423E90F29DABEF0E28B2F16BE8EC391F1B8F86744E28F7F1B1A1A8EF9F959A23FDE8A6EB617384BE6F1F5E73EF7B9E47BDFFB5EC7DF132B6551045BD135064AD1B2A231DB1293159CF1F8A9A79E2AC4665713ABE2C9613C5EB76E5DC7918B3852924DD6B2A3207114A278F21863241E47211DC5715763B27845F7339FF94CC7F68A58FD8D55E2FE8CFFAAAAAA4FD4D6D6DE93F65B735B5B5B4BF1A91C6FBEF9E6FDE96BEBD2426D727D7DFD27457C69C684AB2E30E8DC79E79D0FF6F57574C78E1D3BD735F54EF903ED98997A7F25F9F5EBD72793264DEAD8F797ADEE66893ADBB75BDCDE7AEBADA392716C57889F138FBB4BBE3D2D74BBDA2E118FBFF18D6F741CF68DAF639B8442D71828458B095B14BBB14F3C8E3A44C17AFAE9A71FB56F3C3B8211E361EFDEBD1D71189FBFF7DE7B6F47BC76B7A2DB554C67457214D3F1FBBA1A33B1A29B4D2CB3BF271EC7EF2C97F84FFF2FBF3E6AD4A8B51B366CD8DAD2D2B2ECA69B6E9A11C55A3C2FD24B3B265C479741E7965B6EF9EBABAFBEBAAD0FEF8CD65A5353F3967D56BDAF2FF7E8C6B6846CF529927E3C8E2D04438E5CE5208AD0D86AD0D5F7C761D6ECE4B3E3ED9B1DD2C3AD0BC5EF8FE2237E7EE7027A48A73DC30A5D63E0545B14B7118B51C4466119AB59D9EA6BB48F7CE4231DABABD90A6DC461ACB06631994D0E6345375E8FC95FE798FEE637BF79CC8A6EECD7BDE0820B8E5A618E93D0E23D31B6BA2A92FB6B8F6E77A238CBE7F3D71CB91CD635EE8CD63B628F74DAC787FAE2CE68757575EDEE8C4659B8F6DA6BDF7CE9A597FA6ADBC234F7BDAEBC245F7CE8352B5AE3849BE2447EA2EF1DD2C5BEDCCEEFC90AE1CE2BBAC50544F1FB63952BFB3BE284342BBAC6406FC67F16577154A3780B4D774565F1AA6C8C932C36633537AE30D2793B424F0BDD88F9386A32A4D3D688E24237DB6ED157571EE969FC2B707B5F5C57372B4023D67AC3F4E9D38B5773E57CFAD765975D56357AF4E8437DB0AABBBBA6A666753AC8EAF47A6525F96C752A4B9EB1121549381E17EFC1EDDCE250EA90237B778B0FDBC695128EF7FB3A17BADD1511F1219B3D8EFD9356748D81BED8AF1B575438DEB69AACC55189384A11471B6225B8F3D5453AB7D8A2D055911C2799C5119413EDD18DBF2DDBC610473A620C145F1D42FC0F9A42F74759111AABBAA53E292D7E5E9AEBDB8B6E5821E7D3FF1A1B1BD7CE9933A757ABDCD80F1C333B33F6CA4BF2479258E15AA159C28E15ADB881441A5B85D762D529568F62B529B619C40A6B5C8EAC73C11C5B1D8E5C73B1DBD5E0280EE2D24AC7FB9B8A8BE52147CE388FDF9F9D811E7F8742D7182845CBF6DF7EE52B5F291490C5D7D01DD2E94A1F51D466ABAD5FFAD2970ADB15A230CE2E37964DF6B2C7C513B4EE5683BB9A786693CFEC0629D98A73F10D5A8674BAEC99F81F3CD2CFD82559211A270E97EA5263F1B93F7AF4E8C3C5ABB9723EE512F467353434B4BCF1C61BBD52E4AE5DBB7676FA3BB6A733BB2FEBEDCA5DCDD2247A63E0608F5649B36B49F7F4FD1FA4D08D965D01A2F804B4CE375511FF833BE7A76D675690C6C4E7548BDD2872274C9850BC2F779F9C4F59A9ABABAB6D6C6CDCDFDCDC5CD22277CB962D2B6A6A6ADE76F842A1ABD0C51810FF94875C2E579D9D9896ADEC9EEC3686F8BE4E2BB9B62C509E6A6B6B1B860F1FBEAF542BBBB1921B456E3AA06ED4BB92BC448F3120FE29AB95DDFAE26237F6ECC6096A3DBD4D73BC2F4E3C2BDE931B4DCEA7EC67797575757B1F7FFCF1F74EE104B5DD77DF7DF7EF62BB420C24BD2AC94BF412BD3120FE29CF9C9FB6DDC5856A14BC719DDDB8A944ACD666DB1A627B42DCF12C2E9F3765CA94E4D24B2F6DEB7437B67D723E03659677563A435BD4D8D8D8B47AF5EA960F729DDCF9F3E74F4F0BE5176213BAFD3992BC26D11B039AF82FFF9C5F7CD9B1936C723E0332F82F8A82B7BEBEBE79D2A449AFAE58B1E2ED7436B73D4E9E082D2D2D4DDBB66DFBF3C2850BFF78EBADB73E95CE023744B0C78CCE999692BC26D11B039AF81F5839FF48C17BE88314B8723E035EDC4DE5C85D6BE23ED91BD3D67A24C0E3DFCD711FEBB8C59FBB9F48F29A446F0C68E25FCE0790E4257A8C01F10F0092BC448F3120FE01409297E83106C43F0092BC26D11B039AF8074092D7247A634013FF0048F29A446F0C68E21F00495EA2C71810FF0020C94BF41803E21F00495E93E88D014DFC0320C96B12BD31A0897F0024794DA2370634F10F80242FD14BF4C680F80700495EA2C71810FF0020C94BF41803E21F00495E93E88D014DFC0320C96B12BD31A0897F0024794DA2370634F10F80242FD1630C887F0090E4257A8C01F10F00C5162D5A24C1964F6B4D13FD2151A9D055E80240093CF3CC33DB9B9B9B25D932685BB76E7D344DF4AF8B4A933D133D002881C58B175FB074E9D23D3B76EC689168FB2FC14791BB70E1C2B7D37691A834D933D1038012498BAB1FA409E685584D8943875A9FB7E8F7D715B9267B267AC6000080C95E17EDF1C71F37D103804A336CD8B0EFE672B9763DC160B57AF5EA3113274E4CAAAAAACED61B005041D22277457575B5429741E9D7BFFEF557F7EEDDDB167B8D2FBFFCF2697A04002A445AE00E4D5B122D9FCF7F4B8F30985455557D62F9F2E5BB92239E78E28943567501A042E472B997B342376D33F50883C5D0A1434F9B3871E2AAB6B6B6F6ACD06D6F6F6FFBC52F7EF1DF7A070006B8B4B0BDA8A8C82DB4B4F0FD7B3DC360D0D8D8F8707373734BD2C9CB2FBFDC6655170006B038649B16B6DB3B17BA69BB53EF50E9D209DD8DCB962DDB9D74E3FEFBEF9FAF97006080CAE7F3D77451E4466B4D5FFBB41EA252C5918C71E3C6ED6A6F6F3FDC5DA1DBD4D4D43E76ECD8AFEA2D0018608EACE66EEEA6D0B5AA4BA517BAC9DEBD7B372427B062C58AB57A0B00065EA21F7F9C2237DABEFAFAFA4FEA292A513E9FAFDBB469D3CE1315BA8B172F4ED271F0513D060003C491D5DC17D2B6316D878E53ECDEAAB7A85437DD74D3FF1C3E7CB8B5BB2277FFFEFDEFDF7EFBED23F514000C706951FBF5287EE3716D6DEDE7D3C767A505F167F50C153CE13B7BFEFCF9DD9E8C3663C68C957A09002A403E9F3F272D6E257606952BAFBC72DC8103078EB9BCD89A356BDEB57507002AC4B061C3CE4D8BDD657A82C1246E18316BD6ACA6E22277D7AE5DEF4F9830E13CBD03009553E87E372D7417E809069B2BAEB8E29FB66FDFDEB1AA3B75EAD4697A05002A482E97FBD7EAEAEA27F50483D1BDF7DEFBC72872972F5F7EC0551600A0C2A445EE0FD3365B4F3018C57EDC279F7C32B9E28A2B96E80D00A830F97CFEC25C2EF7073DC160555353536F0C00406516BAF9EAEAEA47F404C60000505172B9DC25699E7F584F600C000015A5BABAFAB2B43DA827300600804A4BF257A6ED3E3D81310000545A921F99CBE5A6E8098C0100A0A2E4F3F9D16992BF4B4F600C000015254DF037A6897EA29EC01800002A4A7575F598B48DD31318030040A525F97191E8F504C600005069497E52DA6ED0131803004045C9E7F377E772B96BF504C600005051E2B24A69A21FA127300600808A1217CA8F0BE6EB098C0100A0D292FC7FC42D50F504C600005069497E6ADA2ED6131803004045C9E7F3D373B95CB59EC01800002A4A9AE0FF9026FA0BF504C600005051AAABAB67A7ED877A02630000A8B424FF543E9FFF173D81310000545A925F98B67FD6131803004045C9E7F3CB860D1B76AE9EC01800002A4A7575F5CA34D19FA327300600804A4BF22FA6EDEB7A02630000A8B424BF269FCF7F554F600C00009596E45FCBE5727FAB27300600804A4BF2EBABAAAACED61318030040A525F94D35353567EA098C0100A0D292FCB6BABABA33F404C600005069497E673E9FFFB49EC01800002A2DC9EFA9AAAA3A5D4F600C00009596E4F79F7FFEF97FA527300600804A4BF287860E1D7A9A9EC01800002A2DC9279A36D89B4F02000000000000000000000000000000000000000000000000A0A4FE1F0E4072CE6593D2C90000000049454E44AE426082, '1');
INSERT INTO `act_ge_bytearray` VALUES ('42502', '1', '请假流程.bpmn20.xml', '42501', 0x3C3F786D6C2076657273696F6E3D22312E302220656E636F64696E673D225554462D38223F3E0A3C646566696E6974696F6E7320786D6C6E733D22687474703A2F2F7777772E6F6D672E6F72672F737065632F42504D4E2F32303130303532342F4D4F44454C2220786D6C6E733A7873693D22687474703A2F2F7777772E77332E6F72672F323030312F584D4C536368656D612D696E7374616E63652220786D6C6E733A7873643D22687474703A2F2F7777772E77332E6F72672F323030312F584D4C536368656D612220786D6C6E733A61637469766974693D22687474703A2F2F61637469766974692E6F72672F62706D6E2220786D6C6E733A62706D6E64693D22687474703A2F2F7777772E6F6D672E6F72672F737065632F42504D4E2F32303130303532342F44492220786D6C6E733A6F6D6764633D22687474703A2F2F7777772E6F6D672E6F72672F737065632F44442F32303130303532342F44432220786D6C6E733A6F6D6764693D22687474703A2F2F7777772E6F6D672E6F72672F737065632F44442F32303130303532342F44492220747970654C616E67756167653D22687474703A2F2F7777772E77332E6F72672F323030312F584D4C536368656D61222065787072657373696F6E4C616E67756167653D22687474703A2F2F7777772E77332E6F72672F313939392F585061746822207461726765744E616D6573706163653D22687474703A2F2F7777772E61637469766974692E6F72672F70726F63657373646566223E0A20203C70726F636573732069643D226D794C6561766542696C6C70726F636573732220697345786563757461626C653D2274727565223E0A202020203C646F63756D656E746174696F6E3EE8AFB7E58187E6B581E7A88B3C2F646F63756D656E746174696F6E3E0A202020203C73746172744576656E742069643D227369642D33334133353038422D373441372D343345302D384533442D463742394545353142423544223E3C2F73746172744576656E743E0A202020203C757365725461736B2069643D227369642D36363737394645452D363036452D343632382D423145422D43393337333141303242363322206E616D653D22E68F90E4BAA4E794B3E8AFB7222061637469766974693A61737369676E65653D22247B696E707574557365727D223E0A2020202020203C646F63756D656E746174696F6E3EE68F90E4BAA4E5AEA1E689B93C2F646F63756D656E746174696F6E3E0A202020203C2F757365725461736B3E0A202020203C656E644576656E742069643D227369642D44344437383635312D333142432D344642372D423246452D394335363938393041324434223E3C2F656E644576656E743E0A202020203C757365725461736B2069643D227369642D43394244363946312D453533302D343844432D393237392D38313237424643333730383322206E616D653D22E7BB8FE79086E5AEA1E689B9222061637469766974693A61737369676E65653D22247B696E707574557365727D223E0A2020202020203C646F63756D656E746174696F6E3EE7BB8FE79086E5AEA1E689B93C2F646F63756D656E746174696F6E3E0A202020203C2F757365725461736B3E0A202020203C73657175656E6365466C6F772069643D227369642D38424333383745452D313636342D343531392D394136342D4635374338363937393635332220736F757263655265663D227369642D33334133353038422D373441372D343345302D384533442D46374239454535314242354422207461726765745265663D227369642D36363737394645452D363036452D343632382D423145422D433933373331413032423633223E3C2F73657175656E6365466C6F773E0A202020203C73657175656E6365466C6F772069643D227369642D36373841453838442D343733392D343239422D384639412D35464541444239423235374522206E616D653D22E9A9B3E59B9E2220736F757263655265663D227369642D43394244363946312D453533302D343844432D393237392D38313237424643333730383322207461726765745265663D227369642D36363737394645452D363036452D343632382D423145422D433933373331413032423633223E0A2020202020203C646F63756D656E746174696F6E3EE9A9B3E59B9E3C2F646F63756D656E746174696F6E3E0A2020202020203C636F6E646974696F6E45787072657373696F6E207873693A747970653D2274466F726D616C45787072657373696F6E223E3C215B43444154415B247B6F7574636F6D653D3D27E9A9B3E59B9E277D5D5D3E3C2F636F6E646974696F6E45787072657373696F6E3E0A202020203C2F73657175656E6365466C6F773E0A202020203C73657175656E6365466C6F772069643D227369642D46413331463544382D324246362D344344422D423545312D38314535424246364335414622206E616D653D22E689B9E587862220736F757263655265663D227369642D43394244363946312D453533302D343844432D393237392D38313237424643333730383322207461726765745265663D227369642D44344437383635312D333142432D344642372D423246452D394335363938393041324434223E0A2020202020203C646F63756D656E746174696F6E3EE689B9E587863C2F646F63756D656E746174696F6E3E0A2020202020203C636F6E646974696F6E45787072657373696F6E207873693A747970653D2274466F726D616C45787072657373696F6E223E3C215B43444154415B247B6F7574636F6D653D3D27E689B9E58786277D5D5D3E3C2F636F6E646974696F6E45787072657373696F6E3E0A202020203C2F73657175656E6365466C6F773E0A202020203C73657175656E6365466C6F772069643D227369642D39373833373743342D374642452D343037352D393046302D31433046333537424237384422206E616D653D22E794B3E8AFB72220736F757263655265663D227369642D36363737394645452D363036452D343632382D423145422D43393337333141303242363322207461726765745265663D227369642D43394244363946312D453533302D343844432D393237392D383132374246433337303833223E3C2F73657175656E6365466C6F773E0A20203C2F70726F636573733E0A20203C62706D6E64693A42504D4E4469616772616D2069643D2242504D4E4469616772616D5F6D794C6561766542696C6C70726F63657373223E0A202020203C62706D6E64693A42504D4E506C616E652062706D6E456C656D656E743D226D794C6561766542696C6C70726F63657373222069643D2242504D4E506C616E655F6D794C6561766542696C6C70726F63657373223E0A2020202020203C62706D6E64693A42504D4E53686170652062706D6E456C656D656E743D227369642D33334133353038422D373441372D343345302D384533442D463742394545353142423544222069643D2242504D4E53686170655F7369642D33334133353038422D373441372D343345302D384533442D463742394545353142423544223E0A20202020202020203C6F6D6764633A426F756E6473206865696768743D2233302E30222077696474683D2233302E302220783D223135302E302220793D223130302E30223E3C2F6F6D6764633A426F756E64733E0A2020202020203C2F62706D6E64693A42504D4E53686170653E0A2020202020203C62706D6E64693A42504D4E53686170652062706D6E456C656D656E743D227369642D36363737394645452D363036452D343632382D423145422D433933373331413032423633222069643D2242504D4E53686170655F7369642D36363737394645452D363036452D343632382D423145422D433933373331413032423633223E0A20202020202020203C6F6D6764633A426F756E6473206865696768743D2237392E3939393939393939393939393939222077696474683D223130302E302220783D223236392E39393939393539373636383635332220793D2237342E3939393939383838323431323932223E3C2F6F6D6764633A426F756E64733E0A2020202020203C2F62706D6E64693A42504D4E53686170653E0A2020202020203C62706D6E64693A42504D4E53686170652062706D6E456C656D656E743D227369642D44344437383635312D333142432D344642372D423246452D394335363938393041324434222069643D2242504D4E53686170655F7369642D44344437383635312D333142432D344642372D423246452D394335363938393041324434223E0A20202020202020203C6F6D6764633A426F756E6473206865696768743D2232382E303030303030303030303030303134222077696474683D2232382E302220783D223636302E302220793D223130302E3939393939393939393939393939223E3C2F6F6D6764633A426F756E64733E0A2020202020203C2F62706D6E64693A42504D4E53686170653E0A2020202020203C62706D6E64693A42504D4E53686170652062706D6E456C656D656E743D227369642D43394244363946312D453533302D343844432D393237392D383132374246433337303833222069643D2242504D4E53686170655F7369642D43394244363946312D453533302D343844432D393237392D383132374246433337303833223E0A20202020202020203C6F6D6764633A426F756E6473206865696768743D2237392E3939393939393939393939393937222077696474683D2239392E39393939393939393939393938392220783D223436322E393632393334303035353137362220793D2237352E30223E3C2F6F6D6764633A426F756E64733E0A2020202020203C2F62706D6E64693A42504D4E53686170653E0A2020202020203C62706D6E64693A42504D4E456467652062706D6E456C656D656E743D227369642D39373833373743342D374642452D343037352D393046302D314330463335374242373844222069643D2242504D4E456467655F7369642D39373833373743342D374642452D343037352D393046302D314330463335374242373844223E0A20202020202020203C6F6D6764693A776179706F696E7420783D223336392E39393939393539373636383635332220793D223131342E3939393939393137313939383834223E3C2F6F6D6764693A776179706F696E743E0A20202020202020203C6F6D6764693A776179706F696E7420783D223436322E393632393334303035353137362220793D223131342E3939393939393731303431343034223E3C2F6F6D6764693A776179706F696E743E0A2020202020203C2F62706D6E64693A42504D4E456467653E0A2020202020203C62706D6E64693A42504D4E456467652062706D6E456C656D656E743D227369642D46413331463544382D324246362D344344422D423545312D383145354242463643354146222069643D2242504D4E456467655F7369642D46413331463544382D324246362D344344422D423545312D383145354242463643354146223E0A20202020202020203C6F6D6764693A776179706F696E7420783D223536322E393632393334303035353137352220793D223131352E30223E3C2F6F6D6764693A776179706F696E743E0A20202020202020203C6F6D6764693A776179706F696E7420783D223636302E302220793D223131352E30223E3C2F6F6D6764693A776179706F696E743E0A2020202020203C2F62706D6E64693A42504D4E456467653E0A2020202020203C62706D6E64693A42504D4E456467652062706D6E456C656D656E743D227369642D38424333383745452D313636342D343531392D394136342D463537433836393739363533222069643D2242504D4E456467655F7369642D38424333383745452D313636342D343531392D394136342D463537433836393739363533223E0A20202020202020203C6F6D6764693A776179706F696E7420783D223138302E302220793D223131342E39393939393938393138343634223E3C2F6F6D6764693A776179706F696E743E0A20202020202020203C6F6D6764693A776179706F696E7420783D223236392E39393939393539373636383635332220793D223131342E3939393939393234323932343839223E3C2F6F6D6764693A776179706F696E743E0A2020202020203C2F62706D6E64693A42504D4E456467653E0A2020202020203C62706D6E64693A42504D4E456467652062706D6E456C656D656E743D227369642D36373841453838442D343733392D343239422D384639412D354645414442394232353745222069643D2242504D4E456467655F7369642D36373841453838442D343733392D343239422D384639412D354645414442394232353745223E0A20202020202020203C6F6D6764693A776179706F696E7420783D223531322E393632393334303035353137362220793D223135342E3939393939393939393939393937223E3C2F6F6D6764693A776179706F696E743E0A20202020202020203C6F6D6764693A776179706F696E7420783D223531322E393632393334303035353137362220793D223230342E30223E3C2F6F6D6764693A776179706F696E743E0A20202020202020203C6F6D6764693A776179706F696E7420783D223331392E39393939393539373636383635332220793D223230342E30223E3C2F6F6D6764693A776179706F696E743E0A20202020202020203C6F6D6764693A776179706F696E7420783D223331392E39393939393539373636383635332220793D223135342E39393939393838383234313239223E3C2F6F6D6764693A776179706F696E743E0A2020202020203C2F62706D6E64693A42504D4E456467653E0A202020203C2F62706D6E64693A42504D4E506C616E653E0A20203C2F62706D6E64693A42504D4E4469616772616D3E0A3C2F646566696E6974696F6E733E, '0');
INSERT INTO `act_ge_bytearray` VALUES ('42503', '1', '请假流程.myLeaveBillprocess.png', '42501', 0x89504E470D0A1A0A0000000D49484452000002BA000000D608060000003E5421110000160E4944415478DAEDDD0D8C55E599006092DAB4DD36B14D9AB4A66DB459D3ED7637DDA469D2356D5DD26DD3DD586B1B1DEEDC995127A332B60A15D168558A8204AC5A2A6EA3765D5B595624D445A428F28F20B8FEA0B0A8AD28A0FC0D43594064068499B3E7BDE14C2EC30C8C7067E6CE9DE749BE70E7DE3B3FF978BFFBBEDF77BE73CE902100000000000000000000000000000000000000000000000000000000000000000000000000000000000000000000000000000000000000000000000000000000000000000000000000000000000000000000000000000000000000000000000000000000000000000000000000000000000000000000000000000000000000000000000000000000000000000000000000000000000000000000000000000000000000000000000000000000000000000000000000000000000000000000000000000000000000000094409224A76DD8B061E673CF3DD7B668D1A264C182055A1FB7850B1726CF3CF3CC5FD256272201004A248ADCE5CB9727CDCDCDC9C18307B57E6A3B77EE4C962D5BB6372D7A2F1295267B267A00500291DC15B96553EC1E4C13FFEBA2D264CF440F004A2056B024DAF26969A17B48549AEC99E8014009C4A14349B6AC0ADD44549AEC99E801401F16BAEFEDD99E6C78E177C9AB0BC7155A3C8EE7246785AEC99E26FE0118B0497EDFEEADC9BAA7C7246BE65E7F548BE7E235095AA237D9D3C43F000332C96F7EF589638ADCAC6D79758E042DD19BEC895DF10FC0C04CF2AF2FB9A3DB42375E93A0257A933DB12BFE011890497EDD825BBB4DF2F19A042DD19BEC895DF10F80425793E88D014DFC03502E493E4EBCE92EC9C76B12B444AFD015BBE21F800199E4D73FFB6FDD26F9784D8296E84DF6C4AEF807604026F95D5BD726EBE68F3D76252B7D2E5E93A0257A933DB12BFE011890493EDAC617A71E93E0E339C959A237D933D913FF000CDC42F7C08164FDCAFB8E5DC94A9F8BD7246889DE644F13FF000CB8241F17C37FE3D97BBB3D6C1BAFB960BE446FB22776C53F000327C9A7C97BFBFAC5C9FFCEBBA9DB22376BF19E78AF842FD19BEC69E21F80B24EF2274AEC12BE446FB267B227FE01189049BE2789FD78095FC296E84DF6C4B2F807A02C93FCC916B95993B0257A933DB12CFE0128CB24AF49F4267B267BE21F0085AE26D11B039AF8074092D7247A634013FF0048F2123DC680F80700495EA2C71810FF00BD2649928FAE5DBBB6F1E1871F5E3669D2A4BD23478E3C545F5F9F54575727757575ED3FF9C94F0EDE7CF3CD1BEEB8E38E6969FB1B3D26C96B12BD31A089FF81ABB6B6F6F3B95CEEEA34CFCF4CDBFAB4ED8B9C9FB6D6B46D4C5F9B95FE7B5DBC4F6F31A00BDCC71E7B6CEAF8F1E30F5D73CD35C9030F3C903CF7DC73C9D6AD5B93D6D6D624C4BFCDCDCDC94B2FBD94A48570F2B39FFDAC7DD4A8519B860F1F7EB91E94E43589DE18D0C4FFC091CFE77F94B605693B78A4B0ED495B92BEBF4EEF31A0A4056DC3EDB7DF7EE0FAEBAF2F14B1870F1F4E7AEA95575E496EBCF1C6C38D8D8DAF5755559DAD3725794DA23706C4BF882C5F69B17A565AACCEFB00C56D576DB99CCF4058C53D6DF6ECD98BAFBCF2CA64CE9C391FA8C0ED6CDEBC79494343438BD55D495E93E88D01F12F22CB532E97ABAEA9A9F9BFE2A2B5B6B63699387162B278F1E2E49D77DE49DE7DF7DD425EDFBF7F7FE1A8EEB3CF3E9B4C9E3C39B9F8E28B3B17BBFBACEE52D645EED2A54B9F1F316244F2C61B6F24A5B069D3A6242D9A5B2EBFFCF2ABF4B0242FD1630C887FCAAAC8FD415A981E2E2E70A74D9B56D892D813BB77EF2EBC3FBEAFB8E04D7FA6052ECA4FACE44691DBD300EFA9F879C3870F37CB93E4257A8C01F14F19ADE41617B9D75E7B6D61F5F664C4F7C556C74EC5AE9C4FF9883DB9B15DA1542BB95DADEC5E72C925BBD3C0FFB2DE96E4257A8C01F14FFF893DB9C5DB15C68E1DDBB13DE164C5B68609132674DEC620E7D3FFE2EA0AE3C68D3B187B727BD3DCB9735B6A6B6B57E971495EA2C71810FFF49FB4C85D58BC927BAA456E71B1DB696577B9DEA6DFCD9A35EBBF2230DF7FFFFDA4B7FDF4A73F6D7238439297E83106C43FFD232E2156BC27F764B72B1C6F1B43F19E5D399F7E5FCD8DEBE4C625C4FAC29A356B0E5AD595E4257A8C01F1DF95A143879E26727BBDD05D9015A17122596F983E7DBA555DCA43DCF12C4E403B95CB887D500D0D0D4DB13F48EF9FDA0755DABE25C92B748D0163A012E23F4D0D9FDDB265CBAAB86CD52DB7DC325AC1DB3B6322EE64969D8016ABAEBB76EDEA953C1F5763E874E931399FFE11B7F57DF0C10793BE3479F2E457E2D6817AFFE4151D125A90CBE5FE519257E81A03C6C0408DFF77DE79674C6B6BEBA12C471C3870E0FD471F7D74FD55575DF57722BDB463E2C86D7D0BEFFBE52F7FD9DBB9BEB8D095F3E91F93264DDA1BB7F5ED4B2B57AEDC9406FD1CBD7FEA1F6845EDA9CE3379495EA16B0C1803E51CFFEFBDF7DE3FECD8B1635377B962E3C68DAD698EBABFBEBEFEA322BE3463227D6E66F6FAD2A54B7B35D7C7EA7CD1DF22E7D33F468E1C7968FBF6ED7D5AE836353535A741BF59EF97F403AD63269F7DB049F20A5D63C01828C7F88F7343366FDEFC9F6D6D6DED27CA17EDEDED6DF3E6CDFBCBA851A3CE17F5A73E26D2AFD767CF97FA24B4CEE20E6A457F879C4FFF4867CA496B6B6B9F16BAF1FBD2A06FD5FBA5FF402B9EC9F775928FFC75DB6DB7151E2F5AB428A9A9A929B4D9B367175E8BCBCE74F57D110FF17A5CC7B1A7BF6BD6AC59C917BEF0856E5F7FEDB5D7923FFDE94F5DFE8DBFFFFDEF15BAC680D64FF1BF63C78E0BF7ECD9B3F724F67C1EB8EFBEFB16A505DBA745FFC98F89B4B5645F97EA9262C7BBD458D1EF96F3E9BF81D11F7A3020B5536CFD51E846011A8F3FF5A94F25E79C734EA1C8CD0ADD575E79A5F05A9CFC70EEB9E716DA25975C52783DF68AC57BAEBEFAEAC2D7BFFDED6F0B5F3FFFFCF31D3FFFE31FFF78F2FDEF7FBFF0FA9831630ABFE3E69B6FEEF8F9AB56AD3AE6EF89EFCF8AEEEC7D0F3DF450F2D8638F151E6FD9B2A54F13BDB8ACEC31307FFEFC8E49DDDCB9733BE2FBBCF3CE4B6251A1D4E3EDAEBBEE3AE17BAEBBEEBAC2E3193366142695D9F371B67D5F17BA7142D29429530A272A9DCCC94DF1BDE2BA74ADAF73BD8A8B7E71E9A597B6F7F58A6E4B4B4B93D95DAFCDDC5F887B97C719CB7D95E4B76DDBD65144FEE637BF49A64E9D5A586DDDB871E3510977E6CC991D5FEFDBB7AF63E5B5F8F9E5CB97775B7CC6CF78E491470A8FE3F79D79E69947BD1689BCF8FDB13F2CFEDDB9736792F6C751856EFC1B05B0155D63A0D4C5E7AF7EF5AB42A19B1595D9F33FFFF9CF3BBE6E6A6A4ABEF39DEF1462320ACE9814C6DF1E5F67C5718CA38F7DEC631DDFB36CD9B2A35E3FE38C33926F7FFBDB1D93C998BC7DF18B5F3CE6EF89938DB3C7F133BB1B2F7D15FF71D6FFF0E1C3FFB872E5CAEDEDEDED3DBADCCF9E3D7B1E696C6C5C92FEBFCE72F6FEA98D89B85B99155D06951123461CECEB3DBA6961F467FB754AFE81D6F14196BDA72F937CB6FD20126E772BBAAB57AF3EEA7BDE7EFBEDC2F3F7DC73CF513F27566BE3F9AE8A88AF7DED6BDDAEE82E59B2A4A378CE9EDBBC7973E1F185175ED8F15CF1E3EC7B14BAC6C0A9B6389A91FDBE88AD1B6EB8A1E3F18F7FFCE363DE1F4540BC162BBFD9FBB2495814B35100176FCFE95C9CC6D7E3C78FEFF8FAC31FFE7047311D93CC2CC6E3C84914B8F138DBCE138FD7AE5D7BCCF8EBCBF88F9B16DC76DB6D9B77EFDEDD7C9CFDB9EB1E78E0817F8F7DA5F17E517FEA63C21E5D069DB46058DFD7575D78FAE9A79F740666C93ED0564502E8EA9A93FDB19A15C9350EA77EE8431F2ADC56322B7423E90F29DABEF0E28B2F16BE8EC391F1B8F86744E28F7F1B1A1A8EF9F959A23FDE8A6EB617384BE6F1F5E73EF7B9E47BDFFB5EC7DF132B6551045BD135064AD1B2A231DB1293159CF1F8A9A79E2AC4665713ABE2C9613C5EB76E5DC7918B3852924DD6B2A3207114A278F21863241E47211DC5715763B27845F7339FF94CC7F68A58FD8D55E2FE8CFFAAAAAA4FD4D6D6DE93F65B735B5B5B4BF1A91C6FBEF9E6FDE96BEBD2426D727D7DFD27457C69C684AB2E30E8DC79E79D0FF6F57574C78E1D3BD735F54EF903ED98997A7F25F9F5EBD72793264DEAD8F797ADEE66893ADBB75BDCDE7AEBADA392716C57889F138FBB4BBE3D2D74BBDA2E118FBFF18D6F741CF68DAF639B8442D71828458B095B14BBB14F3C8E3A44C17AFAE9A71FB56F3C3B8211E361EFDEBD1D71189FBFF7DE7B6F47BC76B7A2DB554C67457214D3F1FBBA1A33B1A29B4D2CB3BF271EC7EF2C97F84FFF2FBF3E6AD4A8B51B366CD8DAD2D2B2ECA69B6E9A11C55A3C2FD24B3B265C479741E7965B6EF9EBABAFBEBAAD0FEF8CD65A5353F3967D56BDAF2FF7E8C6B6846CF529927E3C8E2D04438E5CE5208AD0D86AD0D5F7C761D6ECE4B3E3ED9B1DD2C3AD0BC5EF8FE2237E7EE7027A48A73DC30A5D63E0545B14B7118B51C4466119AB59D9EA6BB48F7CE4231DABABD90A6DC461ACB06631994D0E6345375E8FC95FE798FEE637BF79CC8A6EECD7BDE0820B8E5A618E93D0E23D31B6BA2A92FB6B8F6E77A238CBE7F3D71CB91CD635EE8CD63B628F74DAC787FAE2CE68757575EDEE8C4659B8F6DA6BDF7CE9A597FA6ADBC234F7BDAEBC245F7CE8352B5AE3849BE2447EA2EF1DD2C5BEDCCEEFC90AE1CE2BBAC50544F1FB63952BFB3BE284342BBAC6406FC67F16577154A3780B4D774565F1AA6C8C932C36633537AE30D2793B424F0BDD88F9386A32A4D3D688E24237DB6ED157571EE969FC2B707B5F5C57372B4023D67AC3F4E9D38B5773E57CFAD765975D56357AF4E8437DB0AABBBBA6A666753AC8EAF47A6525F96C752A4B9EB1121549381E17EFC1EDDCE250EA90237B778B0FDBC695128EF7FB3A17BADD1511F1219B3D8EFD9356748D81BED8AF1B575438DEB69AACC55189384A11471B6225B8F3D5453AB7D8A2D055911C2799C5119413EDD18DBF2DDBC610473A620C145F1D42FC0F9A42F74759111AABBAA53E292D7E5E9AEBDB8B6E5821E7D3FF1A1B1BD7CE9933A757ABDCD80F1C333B33F6CA4BF2479258E15AA159C28E15ADB881441A5B85D762D529568F62B529B619C40A6B5C8EAC73C11C5B1D8E5C73B1DBD5E0280EE2D24AC7FB9B8A8BE52147CE388FDF9F9D811E7F8742D7182845CBF6DF7EE52B5F291490C5D7D01DD2E94A1F51D466ABAD5FFAD2970ADB15A230CE2E37964DF6B2C7C513B4EE5683BB9A786693CFEC0629D98A73F10D5A8674BAEC99F81F3CD2CFD82559211A270E97EA5263F1B93F7AF4E8C3C5ABB9723EE512F467353434B4BCF1C61BBD52E4AE5DBB7676FA3BB6A733BB2FEBEDCA5DCDD2247A63E0608F5649B36B49F7F4FD1FA4D08D965D01A2F804B4CE375511FF833BE7A76D675690C6C4E7548BDD2872274C9850BC2F779F9C4F59A9ABABAB6D6C6CDCDFDCDC5CD22277CB962D2B6A6A6ADE76F842A1ABD0C51810FF94875C2E579D9D9896ADEC9EEC3686F8BE4E2BB9B62C509E6A6B6B1B860F1FBEAF542BBBB1921B456E3AA06ED4BB92BC448F3120FE29AB95DDFAE26237F6ECC6096A3DBD4D73BC2F4E3C2BDE931B4DCEA7EC67797575757B1F7FFCF1F74EE104B5DD77DF7DF7EF62BB420C24BD2AC94BF412BD3120FE29CF9C9FB6DDC5856A14BC719DDDB8A944ACD666DB1A627B42DCF12C2E9F3765CA94E4D24B2F6DEB7437B67D723E03659677563A435BD4D8D8D8B47AF5EA960F729DDCF9F3E74F4F0BE5176213BAFD3992BC26D11B039AF82FFF9C5F7CD9B1936C723E0332F82F8A82B7BEBEBE79D2A449AFAE58B1E2ED7436B73D4E9E082D2D2D4DDBB66DFBF3C2850BFF78EBADB73E95CE023744B0C78CCE999692BC26D11B039AF81F5839FF48C17BE88314B8723E035EDC4DE5C85D6BE23ED91BD3D67A24C0E3DFCD711FEBB8C59FBB9F48F29A446F0C68E25FCE0790E4257A8C01F10F0092BC448F3120FE01409297E83106C43F0092BC26D11B039AF8074092D7247A634013FF0048F29A446F0C68E21F00495EA2C71810FF0020C94BF41803E21F00495E93E88D014DFC0320C96B12BD31A0897F0024794DA2370634F10F80242FD14BF4C680F80700495EA2C71810FF0020C94BF41803E21F00495E93E88D014DFC0320C96B12BD31A0897F0024794DA2370634F10F80242FD1630C887F0090E4257A8C01F10F00C5162D5A24C1964F6B4D13FD2151A9D055E80240093CF3CC33DB9B9B9B25D932685BB76E7D344DF4AF8B4A933D133D002881C58B175FB074E9D23D3B76EC689168FB2FC14791BB70E1C2B7D37691A834D933D1038012498BAB1FA409E685584D8943875A9FB7E8F7D715B9267B267AC6000080C95E17EDF1C71F37D103804A336CD8B0EFE672B9763DC160B57AF5EA3113274E4CAAAAAACED61B005041D22277457575B5429741E9D7BFFEF557F7EEDDDB167B8D2FBFFCF2697A04002A445AE00E4D5B122D9FCF7F4B8F30985455557D62F9F2E5BB92239E78E28943567501A042E472B997B342376D33F50883C5D0A1434F9B3871E2AAB6B6B6F6ACD06D6F6F6FFBC52F7EF1DF7A070006B8B4B0BDA8A8C82DB4B4F0FD7B3DC360D0D8D8F8707373734BD2C9CB2FBFDC6655170006B038649B16B6DB3B17BA69BB53EF50E9D209DD8DCB962DDB9D74E3FEFBEF9FAF97006080CAE7F3D77451E4466B4D5FFBB41EA252C5918C71E3C6ED6A6F6F3FDC5DA1DBD4D4D43E76ECD8AFEA2D0018608EACE66EEEA6D0B5AA4BA517BAC9DEBD7B372427B062C58AB57A0B00065EA21F7F9C2237DABEFAFAFA4FEA292A513E9FAFDBB469D3CE1315BA8B172F4ED271F0513D060003C491D5DC17D2B6316D878E53ECDEAAB7A85437DD74D3FF1C3E7CB8B5BB2277FFFEFDEFDF7EFBED23F514000C706951FBF5287EE3716D6DEDE7D3C767A505F167F50C153CE13B7BFEFCF9DD9E8C3663C68C957A09002A403E9F3F272D6E257606952BAFBC72DC8103078EB9BCD89A356BDEB57507002AC4B061C3CE4D8BDD657A82C1246E18316BD6ACA6E22277D7AE5DEF4F9830E13CBD03009553E87E372D7417E809069B2BAEB8E29FB66FDFDEB1AA3B75EAD4697A05002A482E97FBD7EAEAEA27F50483D1BDF7DEFBC72872972F5F7EC0551600A0C2A445EE0FD3365B4F3018C57EDC279F7C32B9E28A2B96E80D00A830F97CFEC25C2EF7073DC160555353536F0C00406516BAF9EAEAEA47F404C60000505172B9DC25699E7F584F600C000015A5BABAFAB2B43DA827300600804A4BF257A6ED3E3D81310000545A921F99CBE5A6E8098C0100A0A2E4F3F9D16992BF4B4F600C000015254DF037A6897EA29EC01800002A4A7575F598B48DD31318030040A525F97191E8F504C600005069497E52DA6ED0131803004045C9E7F377E772B96BF504C600005051E2B24A69A21FA127300600808A1217CA8F0BE6EB098C0100A0D292FC7FC42D50F504C600005069497E6ADA2ED6131803004045C9E7F3D373B95CB59EC01800002A4A9AE0FF9026FA0BF504C600005051AAABAB67A7ED877A02630000A8B424FF543E9FFF173D81310000545A925F98B67FD6131803004045C9E7F3CB860D1B76AE9EC01800002A4A7575F5CA34D19FA327300600804A4BF22FA6EDEB7A02630000A8B424BF269FCF7F554F600C00009596E45FCBE5727FAB27300600804A4BF2EBABAAAACED61318030040A525F94D35353567EA098C0100A0D292FCB6BABABA33F404C600005069497E673E9FFFB49EC01800002A2DC9EFA9AAAA3A5D4F600C00009596E4F79F7FFEF97FA527300600804A4BF287860E1D7A9A9EC01800002A2DC9279A36D89B4F02000000000000000000000000000000000000000000000000A0A4FE1F0E4072CE6593D2C90000000049454E44AE426082, '1');
INSERT INTO `act_ge_bytearray` VALUES ('42506', '1', '请假流程.bpmn20.xml', '42505', 0x3C3F786D6C2076657273696F6E3D22312E302220656E636F64696E673D225554462D38223F3E0A3C646566696E6974696F6E7320786D6C6E733D22687474703A2F2F7777772E6F6D672E6F72672F737065632F42504D4E2F32303130303532342F4D4F44454C2220786D6C6E733A7873693D22687474703A2F2F7777772E77332E6F72672F323030312F584D4C536368656D612D696E7374616E63652220786D6C6E733A7873643D22687474703A2F2F7777772E77332E6F72672F323030312F584D4C536368656D612220786D6C6E733A61637469766974693D22687474703A2F2F61637469766974692E6F72672F62706D6E2220786D6C6E733A62706D6E64693D22687474703A2F2F7777772E6F6D672E6F72672F737065632F42504D4E2F32303130303532342F44492220786D6C6E733A6F6D6764633D22687474703A2F2F7777772E6F6D672E6F72672F737065632F44442F32303130303532342F44432220786D6C6E733A6F6D6764693D22687474703A2F2F7777772E6F6D672E6F72672F737065632F44442F32303130303532342F44492220747970654C616E67756167653D22687474703A2F2F7777772E77332E6F72672F323030312F584D4C536368656D61222065787072657373696F6E4C616E67756167653D22687474703A2F2F7777772E77332E6F72672F313939392F585061746822207461726765744E616D6573706163653D22687474703A2F2F7777772E61637469766974692E6F72672F70726F63657373646566223E0A20203C70726F636573732069643D226D794C6561766542696C6C70726F636573732220697345786563757461626C653D2274727565223E0A202020203C646F63756D656E746174696F6E3EE8AFB7E58187E6B581E7A88B3C2F646F63756D656E746174696F6E3E0A202020203C73746172744576656E742069643D227369642D33334133353038422D373441372D343345302D384533442D463742394545353142423544223E3C2F73746172744576656E743E0A202020203C757365725461736B2069643D227369642D36363737394645452D363036452D343632382D423145422D43393337333141303242363322206E616D653D22E68F90E4BAA4E794B3E8AFB7222061637469766974693A61737369676E65653D22247B696E707574557365727D223E0A2020202020203C646F63756D656E746174696F6E3EE68F90E4BAA4E5AEA1E689B93C2F646F63756D656E746174696F6E3E0A202020203C2F757365725461736B3E0A202020203C656E644576656E742069643D227369642D44344437383635312D333142432D344642372D423246452D394335363938393041324434223E3C2F656E644576656E743E0A202020203C757365725461736B2069643D227369642D43394244363946312D453533302D343844432D393237392D38313237424643333730383322206E616D653D22E7BB8FE79086E5AEA1E689B9222061637469766974693A61737369676E65653D22247B696E707574557365727D223E0A2020202020203C646F63756D656E746174696F6E3EE7BB8FE79086E5AEA1E689B93C2F646F63756D656E746174696F6E3E0A202020203C2F757365725461736B3E0A202020203C73657175656E6365466C6F772069643D227369642D38424333383745452D313636342D343531392D394136342D4635374338363937393635332220736F757263655265663D227369642D33334133353038422D373441372D343345302D384533442D46374239454535314242354422207461726765745265663D227369642D36363737394645452D363036452D343632382D423145422D433933373331413032423633223E3C2F73657175656E6365466C6F773E0A202020203C73657175656E6365466C6F772069643D227369642D36373841453838442D343733392D343239422D384639412D35464541444239423235374522206E616D653D22E9A9B3E59B9E2220736F757263655265663D227369642D43394244363946312D453533302D343844432D393237392D38313237424643333730383322207461726765745265663D227369642D36363737394645452D363036452D343632382D423145422D433933373331413032423633223E0A2020202020203C646F63756D656E746174696F6E3EE9A9B3E59B9E3C2F646F63756D656E746174696F6E3E0A2020202020203C636F6E646974696F6E45787072657373696F6E207873693A747970653D2274466F726D616C45787072657373696F6E223E3C215B43444154415B247B6F7574636F6D653D3D27E9A9B3E59B9E277D5D5D3E3C2F636F6E646974696F6E45787072657373696F6E3E0A202020203C2F73657175656E6365466C6F773E0A202020203C73657175656E6365466C6F772069643D227369642D46413331463544382D324246362D344344422D423545312D38314535424246364335414622206E616D653D22E689B9E587862220736F757263655265663D227369642D43394244363946312D453533302D343844432D393237392D38313237424643333730383322207461726765745265663D227369642D44344437383635312D333142432D344642372D423246452D394335363938393041324434223E0A2020202020203C646F63756D656E746174696F6E3EE689B9E587863C2F646F63756D656E746174696F6E3E0A2020202020203C636F6E646974696F6E45787072657373696F6E207873693A747970653D2274466F726D616C45787072657373696F6E223E3C215B43444154415B247B6F7574636F6D653D3D27E689B9E58786277D5D5D3E3C2F636F6E646974696F6E45787072657373696F6E3E0A202020203C2F73657175656E6365466C6F773E0A202020203C73657175656E6365466C6F772069643D227369642D39373833373743342D374642452D343037352D393046302D31433046333537424237384422206E616D653D22E794B3E8AFB72220736F757263655265663D227369642D36363737394645452D363036452D343632382D423145422D43393337333141303242363322207461726765745265663D227369642D43394244363946312D453533302D343844432D393237392D383132374246433337303833223E3C2F73657175656E6365466C6F773E0A20203C2F70726F636573733E0A20203C62706D6E64693A42504D4E4469616772616D2069643D2242504D4E4469616772616D5F6D794C6561766542696C6C70726F63657373223E0A202020203C62706D6E64693A42504D4E506C616E652062706D6E456C656D656E743D226D794C6561766542696C6C70726F63657373222069643D2242504D4E506C616E655F6D794C6561766542696C6C70726F63657373223E0A2020202020203C62706D6E64693A42504D4E53686170652062706D6E456C656D656E743D227369642D33334133353038422D373441372D343345302D384533442D463742394545353142423544222069643D2242504D4E53686170655F7369642D33334133353038422D373441372D343345302D384533442D463742394545353142423544223E0A20202020202020203C6F6D6764633A426F756E6473206865696768743D2233302E30222077696474683D2233302E302220783D223135302E302220793D223130302E30223E3C2F6F6D6764633A426F756E64733E0A2020202020203C2F62706D6E64693A42504D4E53686170653E0A2020202020203C62706D6E64693A42504D4E53686170652062706D6E456C656D656E743D227369642D36363737394645452D363036452D343632382D423145422D433933373331413032423633222069643D2242504D4E53686170655F7369642D36363737394645452D363036452D343632382D423145422D433933373331413032423633223E0A20202020202020203C6F6D6764633A426F756E6473206865696768743D2237392E3939393939393939393939393939222077696474683D223130302E302220783D223236392E39393939393539373636383635332220793D2237342E3939393939383838323431323932223E3C2F6F6D6764633A426F756E64733E0A2020202020203C2F62706D6E64693A42504D4E53686170653E0A2020202020203C62706D6E64693A42504D4E53686170652062706D6E456C656D656E743D227369642D44344437383635312D333142432D344642372D423246452D394335363938393041324434222069643D2242504D4E53686170655F7369642D44344437383635312D333142432D344642372D423246452D394335363938393041324434223E0A20202020202020203C6F6D6764633A426F756E6473206865696768743D2232382E303030303030303030303030303134222077696474683D2232382E302220783D223636302E302220793D223130302E3939393939393939393939393939223E3C2F6F6D6764633A426F756E64733E0A2020202020203C2F62706D6E64693A42504D4E53686170653E0A2020202020203C62706D6E64693A42504D4E53686170652062706D6E456C656D656E743D227369642D43394244363946312D453533302D343844432D393237392D383132374246433337303833222069643D2242504D4E53686170655F7369642D43394244363946312D453533302D343844432D393237392D383132374246433337303833223E0A20202020202020203C6F6D6764633A426F756E6473206865696768743D2237392E3939393939393939393939393937222077696474683D2239392E39393939393939393939393938392220783D223436322E393632393334303035353137362220793D2237352E30223E3C2F6F6D6764633A426F756E64733E0A2020202020203C2F62706D6E64693A42504D4E53686170653E0A2020202020203C62706D6E64693A42504D4E456467652062706D6E456C656D656E743D227369642D39373833373743342D374642452D343037352D393046302D314330463335374242373844222069643D2242504D4E456467655F7369642D39373833373743342D374642452D343037352D393046302D314330463335374242373844223E0A20202020202020203C6F6D6764693A776179706F696E7420783D223336392E39393939393539373636383635332220793D223131342E3939393939393137313939383834223E3C2F6F6D6764693A776179706F696E743E0A20202020202020203C6F6D6764693A776179706F696E7420783D223436322E393632393334303035353137362220793D223131342E3939393939393731303431343034223E3C2F6F6D6764693A776179706F696E743E0A2020202020203C2F62706D6E64693A42504D4E456467653E0A2020202020203C62706D6E64693A42504D4E456467652062706D6E456C656D656E743D227369642D46413331463544382D324246362D344344422D423545312D383145354242463643354146222069643D2242504D4E456467655F7369642D46413331463544382D324246362D344344422D423545312D383145354242463643354146223E0A20202020202020203C6F6D6764693A776179706F696E7420783D223536322E393632393334303035353137352220793D223131352E30223E3C2F6F6D6764693A776179706F696E743E0A20202020202020203C6F6D6764693A776179706F696E7420783D223636302E302220793D223131352E30223E3C2F6F6D6764693A776179706F696E743E0A2020202020203C2F62706D6E64693A42504D4E456467653E0A2020202020203C62706D6E64693A42504D4E456467652062706D6E456C656D656E743D227369642D38424333383745452D313636342D343531392D394136342D463537433836393739363533222069643D2242504D4E456467655F7369642D38424333383745452D313636342D343531392D394136342D463537433836393739363533223E0A20202020202020203C6F6D6764693A776179706F696E7420783D223138302E302220793D223131342E39393939393938393138343634223E3C2F6F6D6764693A776179706F696E743E0A20202020202020203C6F6D6764693A776179706F696E7420783D223236392E39393939393539373636383635332220793D223131342E3939393939393234323932343839223E3C2F6F6D6764693A776179706F696E743E0A2020202020203C2F62706D6E64693A42504D4E456467653E0A2020202020203C62706D6E64693A42504D4E456467652062706D6E456C656D656E743D227369642D36373841453838442D343733392D343239422D384639412D354645414442394232353745222069643D2242504D4E456467655F7369642D36373841453838442D343733392D343239422D384639412D354645414442394232353745223E0A20202020202020203C6F6D6764693A776179706F696E7420783D223531322E393632393334303035353137362220793D223135342E3939393939393939393939393937223E3C2F6F6D6764693A776179706F696E743E0A20202020202020203C6F6D6764693A776179706F696E7420783D223531322E393632393334303035353137362220793D223230342E30223E3C2F6F6D6764693A776179706F696E743E0A20202020202020203C6F6D6764693A776179706F696E7420783D223331392E39393939393539373636383635332220793D223230342E30223E3C2F6F6D6764693A776179706F696E743E0A20202020202020203C6F6D6764693A776179706F696E7420783D223331392E39393939393539373636383635332220793D223135342E39393939393838383234313239223E3C2F6F6D6764693A776179706F696E743E0A2020202020203C2F62706D6E64693A42504D4E456467653E0A202020203C2F62706D6E64693A42504D4E506C616E653E0A20203C2F62706D6E64693A42504D4E4469616772616D3E0A3C2F646566696E6974696F6E733E, '0');
INSERT INTO `act_ge_bytearray` VALUES ('42507', '1', '请假流程.myLeaveBillprocess.png', '42505', 0x89504E470D0A1A0A0000000D49484452000002BA000000D608060000003E5421110000160E4944415478DAEDDD0D8C55E599006092DAB4DD36B14D9AB4A66DB459D3ED7637DDA469D2356D5DD26DD3DD586B1B1DEEDC995127A332B60A15D168558A8204AC5A2A6EA3765D5B595624D445A428F28F20B8FEA0B0A8AD28A0FC0D43594064068499B3E7BDE14C2EC30C8C7067E6CE9DE749BE70E7DE3B3FF978BFFBBEDF77BE73CE902100000000000000000000000000000000000000000000000000000000000000000000000000000000000000000000000000000000000000000000000000000000000000000000000000000000000000000000000000000000000000000000000000000000000000000000000000000000000000000000000000000000000000000000000000000000000000000000000000000000000000000000000000000000000000000000000000000000000000000000000000000000000000000000000000000000000000000094409224A76DD8B061E673CF3DD7B668D1A264C182055A1FB7850B1726CF3CF3CC5FD256272201004A248ADCE5CB9727CDCDCDC9C18307B57E6A3B77EE4C962D5BB6372D7A2F1295267B267A00500291DC15B96553EC1E4C13FFEBA2D264CF440F004A2056B024DAF26969A17B48549AEC99E8014009C4A14349B6AC0ADD44549AEC99E801401F16BAEFEDD99E6C78E177C9AB0BC7155A3C8EE7246785AEC99E26FE0118B0497EDFEEADC9BAA7C7246BE65E7F548BE7E235095AA237D9D3C43F000332C96F7EF589638ADCAC6D79758E042DD19BEC895DF10FC0C04CF2AF2FB9A3DB42375E93A0257A933DB12BFE011890497EDD825BBB4DF2F19A042DD19BEC895DF10F80425793E88D014DFC03502E493E4EBCE92EC9C76B12B444AFD015BBE21F800199E4D73FFB6FDD26F9784D8296E84DF6C4AEF807604026F95D5BD726EBE68F3D76252B7D2E5E93A0257A933DB12BFE011890493EDAC617A71E93E0E339C959A237D933D913FF000CDC42F7C08164FDCAFB8E5DC94A9F8BD7246889DE644F13FF000CB8241F17C37FE3D97BBB3D6C1BAFB960BE446FB22776C53F000327C9A7C97BFBFAC5C9FFCEBBA9DB22376BF19E78AF842FD19BEC69E21F80B24EF2274AEC12BE446FB267B227FE01189049BE2789FD78095FC296E84DF6C4B2F807A02C93FCC916B95993B0257A933DB12CFE0128CB24AF49F4267B267BE21F0085AE26D11B039AF8074092D7247A634013FF0048F2123DC680F80700495EA2C71810FF00BD2649928FAE5DBBB6F1E1871F5E3669D2A4BD23478E3C545F5F9F54575727757575ED3FF9C94F0EDE7CF3CD1BEEB8E38E6969FB1B3D26C96B12BD31A089FF81ABB6B6F6F3B95CEEEA34CFCF4CDBFAB4ED8B9C9FB6D6B46D4C5F9B95FE7B5DBC4F6F31A00BDCC71E7B6CEAF8F1E30F5D73CD35C9030F3C903CF7DC73C9D6AD5B93D6D6D624C4BFCDCDCDC94B2FBD94A48570F2B39FFDAC7DD4A8519B860F1F7EB91E94E43589DE18D0C4FFC091CFE77F94B605693B78A4B0ED495B92BEBF4EEF31A0A4056DC3EDB7DF7EE0FAEBAF2F14B1870F1F4E7AEA95575E496EBCF1C6C38D8D8DAF5755559DAD3725794DA23706C4BF882C5F69B17A565AACCEFB00C56D576DB99CCF4058C53D6DF6ECD98BAFBCF2CA64CE9C391FA8C0ED6CDEBC79494343438BD55D495E93E88D01F12F22CB532E97ABAEA9A9F9BFE2A2B5B6B63699387162B278F1E2E49D77DE49DE7DF7DD425EDFBF7F7FE1A8EEB3CF3E9B4C9E3C39B9F8E28B3B17BBFBACEE52D645EED2A54B9F1F316244F2C61B6F24A5B069D3A6242D9A5B2EBFFCF2ABF4B0242FD1630C887FCAAAC8FD415A981E2E2E70A74D9B56D892D813BB77EF2EBC3FBEAFB8E04D7FA6052ECA4FACE44691DBD300EFA9F879C3870F37CB93E4257A8C01F14F19ADE41617B9D75E7B6D61F5F664C4F7C556C74EC5AE9C4FF9883DB9B15DA1542BB95DADEC5E72C925BBD3C0FFB2DE96E4257A8C01F14FFF893DB9C5DB15C68E1DDBB13DE164C5B68609132674DEC620E7D3FFE2EA0AE3C68D3B187B727BD3DCB9735B6A6B6B57E971495EA2C71810FFF49FB4C85D58BC927BAA456E71B1DB696577B9DEA6DFCD9A35EBBF2230DF7FFFFDA4B7FDF4A73F6D7238439297E83106C43FFD232E2156BC27F764B72B1C6F1B43F19E5D399F7E5FCD8DEBE4C625C4FAC29A356B0E5AD595E4257A8C01F1DF95A143879E26727BBDD05D9015A17122596F983E7DBA555DCA43DCF12C4E403B95CB887D500D0D0D4DB13F48EF9FDA0755DABE25C92B748D0163A012E23F4D0D9FDDB265CBAAB86CD52DB7DC325AC1DB3B6322EE64969D8016ABAEBB76EDEA953C1F5763E874E931399FFE11B7F57DF0C10793BE3479F2E457E2D6817AFFE4151D125A90CBE5FE519257E81A03C6C0408DFF77DE79674C6B6BEBA12C471C3870E0FD471F7D74FD55575DF57722BDB463E2C86D7D0BEFFBE52F7FD9DBB9BEB8D095F3E91F93264DDA1BB7F5ED4B2B57AEDC9406FD1CBD7FEA1F6845EDA9CE3379495EA16B0C1803E51CFFEFBDF7DE3FECD8B1635377B962E3C68DAD698EBABFBEBEFEA322BE3463227D6E66F6FAD2A54B7B35D7C7EA7CD1DF22E7D33F468E1C7968FBF6ED7D5AE836353535A741BF59EF97F403AD63269F7DB049F20A5D63C01828C7F88F7343366FDEFC9F6D6D6DED27CA17EDEDED6DF3E6CDFBCBA851A3CE17F5A73E26D2AFD767CF97FA24B4CEE20E6A457F879C4FFF4867CA496B6B6B9F16BAF1FBD2A06FD5FBA5FF402B9EC9F775928FFC75DB6DB7151E2F5AB428A9A9A929B4D9B367175E8BCBCE74F57D110FF17A5CC7B1A7BF6BD6AC59C917BEF0856E5F7FEDB5D7923FFDE94F5DFE8DBFFFFDEF15BAC680D64FF1BF63C78E0BF7ECD9B3F724F67C1EB8EFBEFB16A505DBA745FFC98F89B4B5645F97EA9262C7BBD458D1EF96F3E9BF81D11F7A3020B5536CFD51E846011A8F3FF5A94F25E79C734EA1C8CD0ADD575E79A5F05A9CFC70EEB9E716DA25975C52783DF68AC57BAEBEFAEAC2D7BFFDED6F0B5F3FFFFCF31D3FFFE31FFF78F2FDEF7FBFF0FA9831630ABFE3E69B6FEEF8F9AB56AD3AE6EF89EFCF8AEEEC7D0F3DF450F2D8638F151E6FD9B2A54F13BDB8ACEC31307FFEFC8E49DDDCB9733BE2FBBCF3CE4B6251A1D4E3EDAEBBEE3AE17BAEBBEEBAC2E3193366142695D9F371B67D5F17BA7142D29429530A272A9DCCC94DF1BDE2BA74ADAF73BD8A8B7E71E9A597B6F7F58A6E4B4B4B93D95DAFCDDC5F887B97C719CB7D95E4B76DDBD65144FEE637BF49A64E9D5A586DDDB871E3510977E6CC991D5FEFDBB7AF63E5B5F8F9E5CB97775B7CC6CF78E491470A8FE3F79D79E69947BD1689BCF8FDB13F2CFEDDB9736792F6C751856EFC1B05B0155D63A0D4C5E7AF7EF5AB42A19B1595D9F33FFFF9CF3BBE6E6A6A4ABEF39DEF1462320ACE9814C6DF1E5F67C5718CA38F7DEC631DDFB36CD9B2A35E3FE38C33926F7FFBDB1D93C998BC7DF18B5F3CE6EF89938DB3C7F133BB1B2F7D15FF71D6FFF0E1C3FFB872E5CAEDEDEDED3DBADCCF9E3D7B1E696C6C5C92FEBFCE72F6FEA98D89B85B99155D06951123461CECEB3DBA6961F467FB754AFE81D6F14196BDA72F937CB6FD20126E772BBAAB57AF3EEA7BDE7EFBEDC2F3F7DC73CF513F27566BE3F9AE8A88AF7DED6BDDAEE82E59B2A4A378CE9EDBBC7973E1F185175ED8F15CF1E3EC7B14BAC6C0A9B6389A91FDBE88AD1B6EB8A1E3F18F7FFCE363DE1F4540BC162BBFD9FBB2495814B35100176FCFE95C9CC6D7E3C78FEFF8FAC31FFE7047311D93CC2CC6E3C84914B8F138DBCE138FD7AE5D7BCCF8EBCBF88F9B16DC76DB6D9B77EFDEDD7C9CFDB9EB1E78E0817F8F7DA5F17E517FEA63C21E5D069DB46058DFD7575D78FAE9A79F740666C93ED0564502E8EA9A93FDB19A15C9350EA77EE8431F2ADC56322B7423E90F29DABEF0E28B2F16BE8EC391F1B8F86744E28F7F1B1A1A8EF9F959A23FDE8A6EB617384BE6F1F5E73EF7B9E47BDFFB5EC7DF132B6551045BD135064AD1B2A231DB1293159CF1F8A9A79E2AC4665713ABE2C9613C5EB76E5DC7918B3852924DD6B2A3207114A278F21863241E47211DC5715763B27845F7339FF94CC7F68A58FD8D55E2FE8CFFAAAAAA4FD4D6D6DE93F65B735B5B5B4BF1A91C6FBEF9E6FDE96BEBD2426D727D7DFD27457C69C684AB2E30E8DC79E79D0FF6F57574C78E1D3BD735F54EF903ED98997A7F25F9F5EBD72793264DEAD8F797ADEE66893ADBB75BDCDE7AEBADA392716C57889F138FBB4BBE3D2D74BBDA2E118FBFF18D6F741CF68DAF639B8442D71828458B095B14BBB14F3C8E3A44C17AFAE9A71FB56F3C3B8211E361EFDEBD1D71189FBFF7DE7B6F47BC76B7A2DB554C67457214D3F1FBBA1A33B1A29B4D2CB3BF271EC7EF2C97F84FFF2FBF3E6AD4A8B51B366CD8DAD2D2B2ECA69B6E9A11C55A3C2FD24B3B265C479741E7965B6EF9EBABAFBEBAAD0FEF8CD65A5353F3967D56BDAF2FF7E8C6B6846CF529927E3C8E2D04438E5CE5208AD0D86AD0D5F7C761D6ECE4B3E3ED9B1DD2C3AD0BC5EF8FE2237E7EE7027A48A73DC30A5D63E0545B14B7118B51C4466119AB59D9EA6BB48F7CE4231DABABD90A6DC461ACB06631994D0E6345375E8FC95FE798FEE637BF79CC8A6EECD7BDE0820B8E5A618E93D0E23D31B6BA2A92FB6B8F6E77A238CBE7F3D71CB91CD635EE8CD63B628F74DAC787FAE2CE68757575EDEE8C4659B8F6DA6BDF7CE9A597FA6ADBC234F7BDAEBC245F7CE8352B5AE3849BE2447EA2EF1DD2C5BEDCCEEFC90AE1CE2BBAC50544F1FB63952BFB3BE284342BBAC6406FC67F16577154A3780B4D774565F1AA6C8C932C36633537AE30D2793B424F0BDD88F9386A32A4D3D688E24237DB6ED157571EE969FC2B707B5F5C57372B4023D67AC3F4E9D38B5773E57CFAD765975D56357AF4E8437DB0AABBBBA6A666753AC8EAF47A6525F96C752A4B9EB1121549381E17EFC1EDDCE250EA90237B778B0FDBC695128EF7FB3A17BADD1511F1219B3D8EFD9356748D81BED8AF1B575438DEB69AACC55189384A11471B6225B8F3D5453AB7D8A2D055911C2799C5119413EDD18DBF2DDBC610473A620C145F1D42FC0F9A42F74759111AABBAA53E292D7E5E9AEBDB8B6E5821E7D3FF1A1B1BD7CE9933A757ABDCD80F1C333B33F6CA4BF2479258E15AA159C28E15ADB881441A5B85D762D529568F62B529B619C40A6B5C8EAC73C11C5B1D8E5C73B1DBD5E0280EE2D24AC7FB9B8A8BE52147CE388FDF9F9D811E7F8742D7182845CBF6DF7EE52B5F291490C5D7D01DD2E94A1F51D466ABAD5FFAD2970ADB15A230CE2E37964DF6B2C7C513B4EE5683BB9A786693CFEC0629D98A73F10D5A8674BAEC99F81F3CD2CFD82559211A270E97EA5263F1B93F7AF4E8C3C5ABB9723EE512F467353434B4BCF1C61BBD52E4AE5DBB7676FA3BB6A733BB2FEBEDCA5DCDD2247A63E0608F5649B36B49F7F4FD1FA4D08D965D01A2F804B4CE375511FF833BE7A76D675690C6C4E7548BDD2872274C9850BC2F779F9C4F59A9ABABAB6D6C6CDCDFDCDC5CD22277CB962D2B6A6A6ADE76F842A1ABD0C51810FF94875C2E579D9D9896ADEC9EEC3686F8BE4E2BB9B62C509E6A6B6B1B860F1FBEAF542BBBB1921B456E3AA06ED4BB92BC448F3120FE29AB95DDFAE26237F6ECC6096A3DBD4D73BC2F4E3C2BDE931B4DCEA7EC67797575757B1F7FFCF1F74EE104B5DD77DF7DF7EF62BB420C24BD2AC94BF412BD3120FE29CF9C9FB6DDC5856A14BC719DDDB8A944ACD666DB1A627B42DCF12C2E9F3765CA94E4D24B2F6DEB7437B67D723E03659677563A435BD4D8D8D8B47AF5EA960F729DDCF9F3E74F4F0BE5176213BAFD3992BC26D11B039AF82FFF9C5F7CD9B1936C723E0332F82F8A82B7BEBEBE79D2A449AFAE58B1E2ED7436B73D4E9E082D2D2D4DDBB66DFBF3C2850BFF78EBADB73E95CE023744B0C78CCE999692BC26D11B039AF81F5839FF48C17BE88314B8723E035EDC4DE5C85D6BE23ED91BD3D67A24C0E3DFCD711FEBB8C59FBB9F48F29A446F0C68E25FCE0790E4257A8C01F10F0092BC448F3120FE01409297E83106C43F0092BC26D11B039AF8074092D7247A634013FF0048F29A446F0C68E21F00495EA2C71810FF0020C94BF41803E21F00495E93E88D014DFC0320C96B12BD31A0897F0024794DA2370634F10F80242FD14BF4C680F80700495EA2C71810FF0020C94BF41803E21F00495E93E88D014DFC0320C96B12BD31A0897F0024794DA2370634F10F80242FD1630C887F0090E4257A8C01F10F00C5162D5A24C1964F6B4D13FD2151A9D055E80240093CF3CC33DB9B9B9B25D932685BB76E7D344DF4AF8B4A933D133D002881C58B175FB074E9D23D3B76EC689168FB2FC14791BB70E1C2B7D37691A834D933D1038012498BAB1FA409E685584D8943875A9FB7E8F7D715B9267B267AC6000080C95E17EDF1C71F37D103804A336CD8B0EFE672B9763DC160B57AF5EA3113274E4CAAAAAACED61B005041D22277457575B5429741E9D7BFFEF557F7EEDDDB167B8D2FBFFCF2697A04002A445AE00E4D5B122D9FCF7F4B8F30985455557D62F9F2E5BB92239E78E28943567501A042E472B997B342376D33F50883C5D0A1434F9B3871E2AAB6B6B6F6ACD06D6F6F6FFBC52F7EF1DF7A070006B8B4B0BDA8A8C82DB4B4F0FD7B3DC360D0D8D8F8707373734BD2C9CB2FBFDC6655170006B038649B16B6DB3B17BA69BB53EF50E9D209DD8DCB962DDB9D74E3FEFBEF9FAF97006080CAE7F3D77451E4466B4D5FFBB41EA252C5918C71E3C6ED6A6F6F3FDC5DA1DBD4D4D43E76ECD8AFEA2D0018608EACE66EEEA6D0B5AA4BA517BAC9DEBD7B372427B062C58AB57A0B00065EA21F7F9C2237DABEFAFAFA4FEA292A513E9FAFDBB469D3CE1315BA8B172F4ED271F0513D060003C491D5DC17D2B6316D878E53ECDEAAB7A85437DD74D3FF1C3E7CB8B5BB2277FFFEFDEFDF7EFBED23F514000C706951FBF5287EE3716D6DEDE7D3C767A505F167F50C153CE13B7BFEFCF9DD9E8C3663C68C957A09002A403E9F3F272D6E257606952BAFBC72DC8103078EB9BCD89A356BDEB57507002AC4B061C3CE4D8BDD657A82C1246E18316BD6ACA6E22277D7AE5DEF4F9830E13CBD03009553E87E372D7417E809069B2BAEB8E29FB66FDFDEB1AA3B75EAD4697A05002A482E97FBD7EAEAEA27F50483D1BDF7DEFBC72872972F5F7EC0551600A0C2A445EE0FD3365B4F3018C57EDC279F7C32B9E28A2B96E80D00A830F97CFEC25C2EF7073DC160555353536F0C00406516BAF9EAEAEA47F404C60000505172B9DC25699E7F584F600C000015A5BABAFAB2B43DA827300600804A4BF257A6ED3E3D81310000545A921F99CBE5A6E8098C0100A0A2E4F3F9D16992BF4B4F600C000015254DF037A6897EA29EC01800002A4A7575F598B48DD31318030040A525F97191E8F504C600005069497E52DA6ED0131803004045C9E7F377E772B96BF504C600005051E2B24A69A21FA127300600808A1217CA8F0BE6EB098C0100A0D292FC7FC42D50F504C600005069497E6ADA2ED6131803004045C9E7F3D373B95CB59EC01800002A4A9AE0FF9026FA0BF504C600005051AAABAB67A7ED877A02630000A8B424FF543E9FFF173D81310000545A925F98B67FD6131803004045C9E7F3CB860D1B76AE9EC01800002A4A7575F5CA34D19FA327300600804A4BF22FA6EDEB7A02630000A8B424BF269FCF7F554F600C00009596E45FCBE5727FAB27300600804A4BF2EBABAAAACED61318030040A525F94D35353567EA098C0100A0D292FCB6BABABA33F404C600005069497E673E9FFFB49EC01800002A2DC9EFA9AAAA3A5D4F600C00009596E4F79F7FFEF97FA527300600804A4BF287860E1D7A9A9EC01800002A2DC9279A36D89B4F02000000000000000000000000000000000000000000000000A0A4FE1F0E4072CE6593D2C90000000049454E44AE426082, '1');

-- ----------------------------
-- Table structure for `act_ge_property`
-- ----------------------------
DROP TABLE IF EXISTS `act_ge_property`;
CREATE TABLE `act_ge_property` (
  `NAME_` varchar(64) COLLATE utf8_bin NOT NULL,
  `VALUE_` varchar(300) COLLATE utf8_bin DEFAULT NULL,
  `REV_` int(11) DEFAULT NULL,
  PRIMARY KEY (`NAME_`)
) ENGINE=InnoDB DEFAULT CHARSET=utf8 COLLATE=utf8_bin;

-- ----------------------------
-- Records of act_ge_property
-- ----------------------------
INSERT INTO `act_ge_property` VALUES ('next.dbid', '47501', '20');
INSERT INTO `act_ge_property` VALUES ('schema.history', 'create(5.20.0.2)', '1');
INSERT INTO `act_ge_property` VALUES ('schema.version', '5.20.0.2', '1');

-- ----------------------------
-- Table structure for `act_hi_actinst`
-- ----------------------------
DROP TABLE IF EXISTS `act_hi_actinst`;
CREATE TABLE `act_hi_actinst` (
  `ID_` varchar(64) COLLATE utf8_bin NOT NULL,
  `PROC_DEF_ID_` varchar(64) COLLATE utf8_bin NOT NULL,
  `PROC_INST_ID_` varchar(64) COLLATE utf8_bin NOT NULL,
  `EXECUTION_ID_` varchar(64) COLLATE utf8_bin NOT NULL,
  `ACT_ID_` varchar(255) COLLATE utf8_bin NOT NULL,
  `TASK_ID_` varchar(64) COLLATE utf8_bin DEFAULT NULL,
  `CALL_PROC_INST_ID_` varchar(64) COLLATE utf8_bin DEFAULT NULL,
  `ACT_NAME_` varchar(255) COLLATE utf8_bin DEFAULT NULL,
  `ACT_TYPE_` varchar(255) COLLATE utf8_bin NOT NULL,
  `ASSIGNEE_` varchar(255) COLLATE utf8_bin DEFAULT NULL,
  `START_TIME_` datetime(3) NOT NULL,
  `END_TIME_` datetime(3) DEFAULT NULL,
  `DURATION_` bigint(20) DEFAULT NULL,
  `TENANT_ID_` varchar(255) COLLATE utf8_bin DEFAULT '',
  PRIMARY KEY (`ID_`),
  KEY `ACT_IDX_HI_ACT_INST_START` (`START_TIME_`),
  KEY `ACT_IDX_HI_ACT_INST_END` (`END_TIME_`),
  KEY `ACT_IDX_HI_ACT_INST_PROCINST` (`PROC_INST_ID_`,`ACT_ID_`),
  KEY `ACT_IDX_HI_ACT_INST_EXEC` (`EXECUTION_ID_`,`ACT_ID_`)
) ENGINE=InnoDB DEFAULT CHARSET=utf8 COLLATE=utf8_bin;

-- ----------------------------
-- Records of act_hi_actinst
-- ----------------------------
INSERT INTO `act_hi_actinst` VALUES ('30002', 'myLeaveBillprocess:1:27544', '30001', '30001', 'sid-33A3508B-74A7-43E0-8E3D-F7B9EE51BB5D', null, null, null, 'startEvent', null, '2017-08-20 16:14:01.000', '2017-08-20 16:14:01.000', '10', '');
INSERT INTO `act_hi_actinst` VALUES ('30004', 'myLeaveBillprocess:1:27544', '30001', '30001', 'sid-66779FEE-606E-4628-B1EB-C93731A02B63', '30005', null, '提交申请', 'userTask', '张三', '2017-08-20 16:14:01.000', '2017-08-20 16:26:43.000', '762030', '');
INSERT INTO `act_hi_actinst` VALUES ('32503', 'myLeaveBillprocess:1:27544', '30001', '30001', 'sid-C9BD69F1-E530-48DC-9279-8127BFC37083', '32504', null, '经理审批', 'userTask', '李四', '2017-08-20 16:26:43.000', '2017-08-20 17:41:08.000', '4465023', '');
INSERT INTO `act_hi_actinst` VALUES ('35002', 'myLeaveBillprocess:1:27544', '30001', '30001', 'sid-66779FEE-606E-4628-B1EB-C93731A02B63', '35003', null, '提交申请', 'userTask', '张三', '2017-08-20 17:41:08.000', null, null, '');
INSERT INTO `act_hi_actinst` VALUES ('37502', 'myLeaveBillprocess:1:27544', '37501', '37501', 'sid-33A3508B-74A7-43E0-8E3D-F7B9EE51BB5D', null, null, null, 'startEvent', null, '2017-08-20 22:21:37.000', '2017-08-20 22:21:37.000', '15', '');
INSERT INTO `act_hi_actinst` VALUES ('37504', 'myLeaveBillprocess:1:27544', '37501', '37501', 'sid-66779FEE-606E-4628-B1EB-C93731A02B63', '37505', null, '提交申请', 'userTask', '张三', '2017-08-20 22:21:37.000', null, null, '');
INSERT INTO `act_hi_actinst` VALUES ('40002', 'myLeaveBillprocess:1:27544', '40001', '40001', 'sid-33A3508B-74A7-43E0-8E3D-F7B9EE51BB5D', null, null, null, 'startEvent', null, '2017-08-21 21:05:58.000', '2017-08-21 21:05:58.000', '57', '');
INSERT INTO `act_hi_actinst` VALUES ('40004', 'myLeaveBillprocess:1:27544', '40001', '40001', 'sid-66779FEE-606E-4628-B1EB-C93731A02B63', '40005', null, '提交申请', 'userTask', 'root', '2017-08-21 21:05:58.000', '2017-08-21 23:01:00.000', '6902600', '');
INSERT INTO `act_hi_actinst` VALUES ('42510', 'myLeaveBillprocess:3:42508', '42509', '42509', 'sid-33A3508B-74A7-43E0-8E3D-F7B9EE51BB5D', null, null, null, 'startEvent', null, '2017-08-21 22:40:18.000', '2017-08-21 22:40:18.000', '13', '');
INSERT INTO `act_hi_actinst` VALUES ('42512', 'myLeaveBillprocess:3:42508', '42509', '42509', 'sid-66779FEE-606E-4628-B1EB-C93731A02B63', '42513', null, '提交申请', 'userTask', 'root', '2017-08-21 22:40:18.000', '2017-08-21 23:12:53.000', '1955373', '');
INSERT INTO `act_hi_actinst` VALUES ('42516', 'myLeaveBillprocess:3:42508', '42515', '42515', 'sid-33A3508B-74A7-43E0-8E3D-F7B9EE51BB5D', null, null, null, 'startEvent', null, '2017-08-21 22:49:34.000', '2017-08-21 22:49:34.000', '1', '');
INSERT INTO `act_hi_actinst` VALUES ('42518', 'myLeaveBillprocess:3:42508', '42515', '42515', 'sid-66779FEE-606E-4628-B1EB-C93731A02B63', '42519', null, '提交申请', 'userTask', 'root', '2017-08-21 22:49:34.000', '2017-08-21 23:12:52.000', '1398221', '');
INSERT INTO `act_hi_actinst` VALUES ('42523', 'myLeaveBillprocess:3:42508', '40001', '40001', 'sid-C9BD69F1-E530-48DC-9279-8127BFC37083', '42524', null, '经理审批', 'userTask', 'root', '2017-08-21 23:01:00.000', '2017-08-21 23:12:46.000', '706543', '');
INSERT INTO `act_hi_actinst` VALUES ('45001', 'myLeaveBillprocess:3:42508', '40001', '40001', 'sid-66779FEE-606E-4628-B1EB-C93731A02B63', '45002', null, '提交申请', 'userTask', 'root', '2017-08-21 23:12:46.000', '2017-08-21 23:12:50.000', '4195', '');
INSERT INTO `act_hi_actinst` VALUES ('45003', 'myLeaveBillprocess:3:42508', '40001', '40001', 'sid-C9BD69F1-E530-48DC-9279-8127BFC37083', '45004', null, '经理审批', 'userTask', 'root', '2017-08-21 23:12:50.000', '2017-08-21 23:12:54.000', '4982', '');
INSERT INTO `act_hi_actinst` VALUES ('45006', 'myLeaveBillprocess:3:42508', '42515', '42515', 'sid-C9BD69F1-E530-48DC-9279-8127BFC37083', '45007', null, '经理审批', 'userTask', 'root', '2017-08-21 23:12:52.000', '2017-08-21 23:12:58.000', '6798', '');
INSERT INTO `act_hi_actinst` VALUES ('45009', 'myLeaveBillprocess:3:42508', '42509', '42509', 'sid-C9BD69F1-E530-48DC-9279-8127BFC37083', '45010', null, '经理审批', 'userTask', 'root', '2017-08-21 23:12:53.000', '2017-08-21 23:15:25.000', '152751', '');
INSERT INTO `act_hi_actinst` VALUES ('45011', 'myLeaveBillprocess:3:42508', '40001', '40001', 'sid-66779FEE-606E-4628-B1EB-C93731A02B63', '45012', null, '提交申请', 'userTask', 'root', '2017-08-21 23:12:54.000', '2017-08-21 23:13:01.000', '7568', '');
INSERT INTO `act_hi_actinst` VALUES ('45013', 'myLeaveBillprocess:3:42508', '42515', '42515', 'sid-66779FEE-606E-4628-B1EB-C93731A02B63', '45014', null, '提交申请', 'userTask', 'root', '2017-08-21 23:12:58.000', '2017-08-21 23:13:47.000', '49346', '');
INSERT INTO `act_hi_actinst` VALUES ('45015', 'myLeaveBillprocess:3:42508', '40001', '40001', 'sid-C9BD69F1-E530-48DC-9279-8127BFC37083', '45016', null, '经理审批', 'userTask', 'root', '2017-08-21 23:13:01.000', '2017-08-21 23:13:09.000', '8846', '');
INSERT INTO `act_hi_actinst` VALUES ('45017', 'myLeaveBillprocess:3:42508', '40001', '40001', 'sid-D4D78651-31BC-4FB7-B2FE-9C569890A2D4', null, null, null, 'endEvent', null, '2017-08-21 23:13:09.000', '2017-08-21 23:13:09.000', '1', '');
INSERT INTO `act_hi_actinst` VALUES ('45018', 'myLeaveBillprocess:3:42508', '42515', '42515', 'sid-C9BD69F1-E530-48DC-9279-8127BFC37083', '45019', null, '经理审批', 'userTask', 'root', '2017-08-21 23:13:47.000', '2017-08-21 23:14:04.000', '17933', '');
INSERT INTO `act_hi_actinst` VALUES ('45020', 'myLeaveBillprocess:3:42508', '42515', '42515', 'sid-D4D78651-31BC-4FB7-B2FE-9C569890A2D4', null, null, null, 'endEvent', null, '2017-08-21 23:14:04.000', '2017-08-21 23:14:04.000', '0', '');
INSERT INTO `act_hi_actinst` VALUES ('45021', 'myLeaveBillprocess:3:42508', '42509', '42509', 'sid-D4D78651-31BC-4FB7-B2FE-9C569890A2D4', null, null, null, 'endEvent', null, '2017-08-21 23:15:25.000', '2017-08-21 23:15:25.000', '0', '');

-- ----------------------------
-- Table structure for `act_hi_attachment`
-- ----------------------------
DROP TABLE IF EXISTS `act_hi_attachment`;
CREATE TABLE `act_hi_attachment` (
  `ID_` varchar(64) COLLATE utf8_bin NOT NULL,
  `REV_` int(11) DEFAULT NULL,
  `USER_ID_` varchar(255) COLLATE utf8_bin DEFAULT NULL,
  `NAME_` varchar(255) COLLATE utf8_bin DEFAULT NULL,
  `DESCRIPTION_` varchar(4000) COLLATE utf8_bin DEFAULT NULL,
  `TYPE_` varchar(255) COLLATE utf8_bin DEFAULT NULL,
  `TASK_ID_` varchar(64) COLLATE utf8_bin DEFAULT NULL,
  `PROC_INST_ID_` varchar(64) COLLATE utf8_bin DEFAULT NULL,
  `URL_` varchar(4000) COLLATE utf8_bin DEFAULT NULL,
  `CONTENT_ID_` varchar(64) COLLATE utf8_bin DEFAULT NULL,
  `TIME_` datetime(3) DEFAULT NULL,
  PRIMARY KEY (`ID_`)
) ENGINE=InnoDB DEFAULT CHARSET=utf8 COLLATE=utf8_bin;

-- ----------------------------
-- Records of act_hi_attachment
-- ----------------------------

-- ----------------------------
-- Table structure for `act_hi_comment`
-- ----------------------------
DROP TABLE IF EXISTS `act_hi_comment`;
CREATE TABLE `act_hi_comment` (
  `ID_` varchar(64) COLLATE utf8_bin NOT NULL,
  `TYPE_` varchar(255) COLLATE utf8_bin DEFAULT NULL,
  `TIME_` datetime(3) NOT NULL,
  `USER_ID_` varchar(255) COLLATE utf8_bin DEFAULT NULL,
  `TASK_ID_` varchar(64) COLLATE utf8_bin DEFAULT NULL,
  `PROC_INST_ID_` varchar(64) COLLATE utf8_bin DEFAULT NULL,
  `ACTION_` varchar(255) COLLATE utf8_bin DEFAULT NULL,
  `MESSAGE_` varchar(4000) COLLATE utf8_bin DEFAULT NULL,
  `FULL_MSG_` longblob,
  PRIMARY KEY (`ID_`)
) ENGINE=InnoDB DEFAULT CHARSET=utf8 COLLATE=utf8_bin;

-- ----------------------------
-- Records of act_hi_comment
-- ----------------------------
INSERT INTO `act_hi_comment` VALUES ('32501', 'comment', '2017-08-20 16:26:42.000', null, '30005', '30001', 'AddComment', '批准这次请假', 0xE689B9E58786E8BF99E6ACA1E8AFB7E58187);
INSERT INTO `act_hi_comment` VALUES ('35001', 'comment', '2017-08-20 17:41:07.000', null, '32504', '30001', 'AddComment', '不批准这次请假', 0xE4B88DE689B9E58786E8BF99E6ACA1E8AFB7E58187);
INSERT INTO `act_hi_comment` VALUES ('42521', 'comment', '2017-08-21 23:01:00.000', null, '40005', '40001', 'AddComment', '', '');

-- ----------------------------
-- Table structure for `act_hi_detail`
-- ----------------------------
DROP TABLE IF EXISTS `act_hi_detail`;
CREATE TABLE `act_hi_detail` (
  `ID_` varchar(64) COLLATE utf8_bin NOT NULL,
  `TYPE_` varchar(255) COLLATE utf8_bin NOT NULL,
  `PROC_INST_ID_` varchar(64) COLLATE utf8_bin DEFAULT NULL,
  `EXECUTION_ID_` varchar(64) COLLATE utf8_bin DEFAULT NULL,
  `TASK_ID_` varchar(64) COLLATE utf8_bin DEFAULT NULL,
  `ACT_INST_ID_` varchar(64) COLLATE utf8_bin DEFAULT NULL,
  `NAME_` varchar(255) COLLATE utf8_bin NOT NULL,
  `VAR_TYPE_` varchar(255) COLLATE utf8_bin DEFAULT NULL,
  `REV_` int(11) DEFAULT NULL,
  `TIME_` datetime(3) NOT NULL,
  `BYTEARRAY_ID_` varchar(64) COLLATE utf8_bin DEFAULT NULL,
  `DOUBLE_` double DEFAULT NULL,
  `LONG_` bigint(20) DEFAULT NULL,
  `TEXT_` varchar(4000) COLLATE utf8_bin DEFAULT NULL,
  `TEXT2_` varchar(4000) COLLATE utf8_bin DEFAULT NULL,
  PRIMARY KEY (`ID_`),
  KEY `ACT_IDX_HI_DETAIL_PROC_INST` (`PROC_INST_ID_`),
  KEY `ACT_IDX_HI_DETAIL_ACT_INST` (`ACT_INST_ID_`),
  KEY `ACT_IDX_HI_DETAIL_TIME` (`TIME_`),
  KEY `ACT_IDX_HI_DETAIL_NAME` (`NAME_`),
  KEY `ACT_IDX_HI_DETAIL_TASK_ID` (`TASK_ID_`)
) ENGINE=InnoDB DEFAULT CHARSET=utf8 COLLATE=utf8_bin;

-- ----------------------------
-- Records of act_hi_detail
-- ----------------------------

-- ----------------------------
-- Table structure for `act_hi_identitylink`
-- ----------------------------
DROP TABLE IF EXISTS `act_hi_identitylink`;
CREATE TABLE `act_hi_identitylink` (
  `ID_` varchar(64) COLLATE utf8_bin NOT NULL,
  `GROUP_ID_` varchar(255) COLLATE utf8_bin DEFAULT NULL,
  `TYPE_` varchar(255) COLLATE utf8_bin DEFAULT NULL,
  `USER_ID_` varchar(255) COLLATE utf8_bin DEFAULT NULL,
  `TASK_ID_` varchar(64) COLLATE utf8_bin DEFAULT NULL,
  `PROC_INST_ID_` varchar(64) COLLATE utf8_bin DEFAULT NULL,
  PRIMARY KEY (`ID_`),
  KEY `ACT_IDX_HI_IDENT_LNK_USER` (`USER_ID_`),
  KEY `ACT_IDX_HI_IDENT_LNK_TASK` (`TASK_ID_`),
  KEY `ACT_IDX_HI_IDENT_LNK_PROCINST` (`PROC_INST_ID_`)
) ENGINE=InnoDB DEFAULT CHARSET=utf8 COLLATE=utf8_bin;

-- ----------------------------
-- Records of act_hi_identitylink
-- ----------------------------
INSERT INTO `act_hi_identitylink` VALUES ('30006', null, 'participant', '张三', null, '30001');
INSERT INTO `act_hi_identitylink` VALUES ('32505', null, 'participant', '李四', null, '30001');
INSERT INTO `act_hi_identitylink` VALUES ('37506', null, 'participant', '张三', null, '37501');
INSERT INTO `act_hi_identitylink` VALUES ('40006', null, 'participant', 'root', null, '40001');
INSERT INTO `act_hi_identitylink` VALUES ('42514', null, 'participant', 'root', null, '42509');
INSERT INTO `act_hi_identitylink` VALUES ('42520', null, 'participant', 'root', null, '42515');

-- ----------------------------
-- Table structure for `act_hi_procinst`
-- ----------------------------
DROP TABLE IF EXISTS `act_hi_procinst`;
CREATE TABLE `act_hi_procinst` (
  `ID_` varchar(64) COLLATE utf8_bin NOT NULL,
  `PROC_INST_ID_` varchar(64) COLLATE utf8_bin NOT NULL,
  `BUSINESS_KEY_` varchar(255) COLLATE utf8_bin DEFAULT NULL,
  `PROC_DEF_ID_` varchar(64) COLLATE utf8_bin NOT NULL,
  `START_TIME_` datetime(3) NOT NULL,
  `END_TIME_` datetime(3) DEFAULT NULL,
  `DURATION_` bigint(20) DEFAULT NULL,
  `START_USER_ID_` varchar(255) COLLATE utf8_bin DEFAULT NULL,
  `START_ACT_ID_` varchar(255) COLLATE utf8_bin DEFAULT NULL,
  `END_ACT_ID_` varchar(255) COLLATE utf8_bin DEFAULT NULL,
  `SUPER_PROCESS_INSTANCE_ID_` varchar(64) COLLATE utf8_bin DEFAULT NULL,
  `DELETE_REASON_` varchar(4000) COLLATE utf8_bin DEFAULT NULL,
  `TENANT_ID_` varchar(255) COLLATE utf8_bin DEFAULT '',
  `NAME_` varchar(255) COLLATE utf8_bin DEFAULT NULL,
  PRIMARY KEY (`ID_`),
  UNIQUE KEY `PROC_INST_ID_` (`PROC_INST_ID_`),
  KEY `ACT_IDX_HI_PRO_INST_END` (`END_TIME_`),
  KEY `ACT_IDX_HI_PRO_I_BUSKEY` (`BUSINESS_KEY_`)
) ENGINE=InnoDB DEFAULT CHARSET=utf8 COLLATE=utf8_bin;

-- ----------------------------
-- Records of act_hi_procinst
-- ----------------------------
INSERT INTO `act_hi_procinst` VALUES ('30001', '30001', '27541.2d21707c2e0e4bcc82cb9bdcf0e67ec1', 'myLeaveBillprocess:1:27544', '2017-08-20 16:14:01.000', null, null, null, 'sid-33A3508B-74A7-43E0-8E3D-F7B9EE51BB5D', null, null, null, '', null);
INSERT INTO `act_hi_procinst` VALUES ('37501', '37501', '27541.2d21707c2e0e4bcc82cb9bdcf0e67ec1', 'myLeaveBillprocess:1:27544', '2017-08-20 22:21:37.000', null, null, null, 'sid-33A3508B-74A7-43E0-8E3D-F7B9EE51BB5D', null, null, null, '', null);
INSERT INTO `act_hi_procinst` VALUES ('40001', '40001', 'myLeaveBillprocess.2d21707c2e0e4bcc82cb9bdcf0e67ec1', 'myLeaveBillprocess:1:27544', '2017-08-21 21:05:58.000', '2017-08-21 23:13:09.000', '7631849', null, 'sid-33A3508B-74A7-43E0-8E3D-F7B9EE51BB5D', 'sid-D4D78651-31BC-4FB7-B2FE-9C569890A2D4', null, null, '', null);
INSERT INTO `act_hi_procinst` VALUES ('42509', '42509', 'myLeaveBillprocess.e83ce68a1c3f426ca29dbcbdac4b78d4', 'myLeaveBillprocess:3:42508', '2017-08-21 22:40:18.000', '2017-08-21 23:15:25.000', '2107753', null, 'sid-33A3508B-74A7-43E0-8E3D-F7B9EE51BB5D', 'sid-D4D78651-31BC-4FB7-B2FE-9C569890A2D4', null, null, '', null);
INSERT INTO `act_hi_procinst` VALUES ('42515', '42515', 'myLeaveBillprocess.2d21707c2e0e4bcc82cb9bdcf0e67ec1', 'myLeaveBillprocess:3:42508', '2017-08-21 22:49:34.000', '2017-08-21 23:14:04.000', '1470934', null, 'sid-33A3508B-74A7-43E0-8E3D-F7B9EE51BB5D', 'sid-D4D78651-31BC-4FB7-B2FE-9C569890A2D4', null, null, '', null);

-- ----------------------------
-- Table structure for `act_hi_taskinst`
-- ----------------------------
DROP TABLE IF EXISTS `act_hi_taskinst`;
CREATE TABLE `act_hi_taskinst` (
  `ID_` varchar(64) COLLATE utf8_bin NOT NULL,
  `PROC_DEF_ID_` varchar(64) COLLATE utf8_bin DEFAULT NULL,
  `TASK_DEF_KEY_` varchar(255) COLLATE utf8_bin DEFAULT NULL,
  `PROC_INST_ID_` varchar(64) COLLATE utf8_bin DEFAULT NULL,
  `EXECUTION_ID_` varchar(64) COLLATE utf8_bin DEFAULT NULL,
  `NAME_` varchar(255) COLLATE utf8_bin DEFAULT NULL,
  `PARENT_TASK_ID_` varchar(64) COLLATE utf8_bin DEFAULT NULL,
  `DESCRIPTION_` varchar(4000) COLLATE utf8_bin DEFAULT NULL,
  `OWNER_` varchar(255) COLLATE utf8_bin DEFAULT NULL,
  `ASSIGNEE_` varchar(255) COLLATE utf8_bin DEFAULT NULL,
  `START_TIME_` datetime(3) NOT NULL,
  `CLAIM_TIME_` datetime(3) DEFAULT NULL,
  `END_TIME_` datetime(3) DEFAULT NULL,
  `DURATION_` bigint(20) DEFAULT NULL,
  `DELETE_REASON_` varchar(4000) COLLATE utf8_bin DEFAULT NULL,
  `PRIORITY_` int(11) DEFAULT NULL,
  `DUE_DATE_` datetime(3) DEFAULT NULL,
  `FORM_KEY_` varchar(255) COLLATE utf8_bin DEFAULT NULL,
  `CATEGORY_` varchar(255) COLLATE utf8_bin DEFAULT NULL,
  `TENANT_ID_` varchar(255) COLLATE utf8_bin DEFAULT '',
  PRIMARY KEY (`ID_`),
  KEY `ACT_IDX_HI_TASK_INST_PROCINST` (`PROC_INST_ID_`)
) ENGINE=InnoDB DEFAULT CHARSET=utf8 COLLATE=utf8_bin;

-- ----------------------------
-- Records of act_hi_taskinst
-- ----------------------------
INSERT INTO `act_hi_taskinst` VALUES ('30005', 'myLeaveBillprocess:1:27544', 'sid-66779FEE-606E-4628-B1EB-C93731A02B63', '30001', '30001', '提交申请', null, '提交审批', null, '张三', '2017-08-20 16:14:01.000', null, '2017-08-20 16:26:43.000', '762016', 'completed', '50', null, null, null, '');
INSERT INTO `act_hi_taskinst` VALUES ('32504', 'myLeaveBillprocess:1:27544', 'sid-C9BD69F1-E530-48DC-9279-8127BFC37083', '30001', '30001', '经理审批', null, '经理审批', null, '李四', '2017-08-20 16:26:43.000', null, '2017-08-20 17:41:08.000', '4465007', 'completed', '50', null, null, null, '');
INSERT INTO `act_hi_taskinst` VALUES ('35003', 'myLeaveBillprocess:1:27544', 'sid-66779FEE-606E-4628-B1EB-C93731A02B63', '30001', '30001', '提交申请', null, '提交审批', null, '张三', '2017-08-20 17:41:08.000', null, null, null, null, '50', null, null, null, '');
INSERT INTO `act_hi_taskinst` VALUES ('37505', 'myLeaveBillprocess:1:27544', 'sid-66779FEE-606E-4628-B1EB-C93731A02B63', '37501', '37501', '提交申请', null, '提交审批', null, '张三', '2017-08-20 22:21:37.000', null, null, null, null, '50', null, null, null, '');
INSERT INTO `act_hi_taskinst` VALUES ('40005', 'myLeaveBillprocess:1:27544', 'sid-66779FEE-606E-4628-B1EB-C93731A02B63', '40001', '40001', '提交申请', null, '提交审批', null, 'root', '2017-08-21 21:05:58.000', null, '2017-08-21 23:01:00.000', '6902595', 'completed', '50', null, null, null, '');
INSERT INTO `act_hi_taskinst` VALUES ('42513', 'myLeaveBillprocess:3:42508', 'sid-66779FEE-606E-4628-B1EB-C93731A02B63', '42509', '42509', '提交申请', null, '提交审批', null, 'root', '2017-08-21 22:40:18.000', null, '2017-08-21 23:12:53.000', '1955371', 'completed', '50', null, null, null, '');
INSERT INTO `act_hi_taskinst` VALUES ('42519', 'myLeaveBillprocess:3:42508', 'sid-66779FEE-606E-4628-B1EB-C93731A02B63', '42515', '42515', '提交申请', null, '提交审批', null, 'root', '2017-08-21 22:49:34.000', null, '2017-08-21 23:12:52.000', '1398219', 'completed', '50', null, null, null, '');
INSERT INTO `act_hi_taskinst` VALUES ('42524', 'myLeaveBillprocess:3:42508', 'sid-C9BD69F1-E530-48DC-9279-8127BFC37083', '40001', '40001', '经理审批', null, '经理审批', null, 'root', '2017-08-21 23:01:00.000', null, '2017-08-21 23:12:46.000', '706517', 'completed', '50', null, null, null, '');
INSERT INTO `act_hi_taskinst` VALUES ('45002', 'myLeaveBillprocess:3:42508', 'sid-66779FEE-606E-4628-B1EB-C93731A02B63', '40001', '40001', '提交申请', null, '提交审批', null, 'root', '2017-08-21 23:12:46.000', null, '2017-08-21 23:12:50.000', '4193', 'completed', '50', null, null, null, '');
INSERT INTO `act_hi_taskinst` VALUES ('45004', 'myLeaveBillprocess:3:42508', 'sid-C9BD69F1-E530-48DC-9279-8127BFC37083', '40001', '40001', '经理审批', null, '经理审批', null, 'root', '2017-08-21 23:12:50.000', null, '2017-08-21 23:12:54.000', '4981', 'completed', '50', null, null, null, '');
INSERT INTO `act_hi_taskinst` VALUES ('45007', 'myLeaveBillprocess:3:42508', 'sid-C9BD69F1-E530-48DC-9279-8127BFC37083', '42515', '42515', '经理审批', null, '经理审批', null, 'root', '2017-08-21 23:12:52.000', null, '2017-08-21 23:12:58.000', '6795', 'completed', '50', null, null, null, '');
INSERT INTO `act_hi_taskinst` VALUES ('45010', 'myLeaveBillprocess:3:42508', 'sid-C9BD69F1-E530-48DC-9279-8127BFC37083', '42509', '42509', '经理审批', null, '经理审批', null, 'root', '2017-08-21 23:12:53.000', null, '2017-08-21 23:15:25.000', '152750', 'completed', '50', null, null, null, '');
INSERT INTO `act_hi_taskinst` VALUES ('45012', 'myLeaveBillprocess:3:42508', 'sid-66779FEE-606E-4628-B1EB-C93731A02B63', '40001', '40001', '提交申请', null, '提交审批', null, 'root', '2017-08-21 23:12:54.000', null, '2017-08-21 23:13:01.000', '7565', 'completed', '50', null, null, null, '');
INSERT INTO `act_hi_taskinst` VALUES ('45014', 'myLeaveBillprocess:3:42508', 'sid-66779FEE-606E-4628-B1EB-C93731A02B63', '42515', '42515', '提交申请', null, '提交审批', null, 'root', '2017-08-21 23:12:58.000', null, '2017-08-21 23:13:47.000', '49342', 'completed', '50', null, null, null, '');
INSERT INTO `act_hi_taskinst` VALUES ('45016', 'myLeaveBillprocess:3:42508', 'sid-C9BD69F1-E530-48DC-9279-8127BFC37083', '40001', '40001', '经理审批', null, '经理审批', null, 'root', '2017-08-21 23:13:01.000', null, '2017-08-21 23:13:09.000', '8843', 'completed', '50', null, null, null, '');
INSERT INTO `act_hi_taskinst` VALUES ('45019', 'myLeaveBillprocess:3:42508', 'sid-C9BD69F1-E530-48DC-9279-8127BFC37083', '42515', '42515', '经理审批', null, '经理审批', null, 'root', '2017-08-21 23:13:47.000', null, '2017-08-21 23:14:04.000', '17931', 'completed', '50', null, null, null, '');

-- ----------------------------
-- Table structure for `act_hi_varinst`
-- ----------------------------
DROP TABLE IF EXISTS `act_hi_varinst`;
CREATE TABLE `act_hi_varinst` (
  `ID_` varchar(64) COLLATE utf8_bin NOT NULL,
  `PROC_INST_ID_` varchar(64) COLLATE utf8_bin DEFAULT NULL,
  `EXECUTION_ID_` varchar(64) COLLATE utf8_bin DEFAULT NULL,
  `TASK_ID_` varchar(64) COLLATE utf8_bin DEFAULT NULL,
  `NAME_` varchar(255) COLLATE utf8_bin NOT NULL,
  `VAR_TYPE_` varchar(100) COLLATE utf8_bin DEFAULT NULL,
  `REV_` int(11) DEFAULT NULL,
  `BYTEARRAY_ID_` varchar(64) COLLATE utf8_bin DEFAULT NULL,
  `DOUBLE_` double DEFAULT NULL,
  `LONG_` bigint(20) DEFAULT NULL,
  `TEXT_` varchar(4000) COLLATE utf8_bin DEFAULT NULL,
  `TEXT2_` varchar(4000) COLLATE utf8_bin DEFAULT NULL,
  `CREATE_TIME_` datetime(3) DEFAULT NULL,
  `LAST_UPDATED_TIME_` datetime(3) DEFAULT NULL,
  PRIMARY KEY (`ID_`),
  KEY `ACT_IDX_HI_PROCVAR_PROC_INST` (`PROC_INST_ID_`),
  KEY `ACT_IDX_HI_PROCVAR_NAME_TYPE` (`NAME_`,`VAR_TYPE_`),
  KEY `ACT_IDX_HI_PROCVAR_TASK_ID` (`TASK_ID_`)
) ENGINE=InnoDB DEFAULT CHARSET=utf8 COLLATE=utf8_bin;

-- ----------------------------
-- Records of act_hi_varinst
-- ----------------------------
INSERT INTO `act_hi_varinst` VALUES ('30003', '30001', '30001', null, 'inputUser', 'string', '2', null, null, null, '张三', null, '2017-08-20 16:14:01.000', '2017-08-20 17:41:07.000');
INSERT INTO `act_hi_varinst` VALUES ('32502', '30001', '30001', null, 'outcome', 'string', '1', null, null, null, '驳回', null, '2017-08-20 16:26:42.000', '2017-08-20 17:41:07.000');
INSERT INTO `act_hi_varinst` VALUES ('37503', '37501', '37501', null, 'inputUser', 'string', '0', null, null, null, '张三', null, '2017-08-20 22:21:37.000', '2017-08-20 22:21:37.000');
INSERT INTO `act_hi_varinst` VALUES ('40003', '40001', '40001', null, 'inputUser', 'string', '6', null, null, null, 'root', null, '2017-08-21 21:05:58.000', '2017-08-21 23:13:09.000');
INSERT INTO `act_hi_varinst` VALUES ('42511', '42509', '42509', null, 'inputUser', 'string', '2', null, null, null, 'root', null, '2017-08-21 22:40:18.000', '2017-08-21 23:15:25.000');
INSERT INTO `act_hi_varinst` VALUES ('42517', '42515', '42515', null, 'inputUser', 'string', '4', null, null, null, 'root', null, '2017-08-21 22:49:34.000', '2017-08-21 23:14:04.000');
INSERT INTO `act_hi_varinst` VALUES ('42522', '40001', '40001', null, 'outcome', 'string', '5', null, null, null, '批准', null, '2017-08-21 23:01:00.000', '2017-08-21 23:13:09.000');
INSERT INTO `act_hi_varinst` VALUES ('45005', '42515', '42515', null, 'outcome', 'string', '3', null, null, null, '批准', null, '2017-08-21 23:12:52.000', '2017-08-21 23:14:04.000');
INSERT INTO `act_hi_varinst` VALUES ('45008', '42509', '42509', null, 'outcome', 'string', '1', null, null, null, '批准', null, '2017-08-21 23:12:53.000', '2017-08-21 23:15:25.000');

-- ----------------------------
-- Table structure for `act_id_group`
-- ----------------------------
DROP TABLE IF EXISTS `act_id_group`;
CREATE TABLE `act_id_group` (
  `ID_` varchar(64) COLLATE utf8_bin NOT NULL,
  `REV_` int(11) DEFAULT NULL,
  `NAME_` varchar(255) COLLATE utf8_bin DEFAULT NULL,
  `TYPE_` varchar(255) COLLATE utf8_bin DEFAULT NULL,
  PRIMARY KEY (`ID_`)
) ENGINE=InnoDB DEFAULT CHARSET=utf8 COLLATE=utf8_bin;

-- ----------------------------
-- Records of act_id_group
-- ----------------------------

-- ----------------------------
-- Table structure for `act_id_info`
-- ----------------------------
DROP TABLE IF EXISTS `act_id_info`;
CREATE TABLE `act_id_info` (
  `ID_` varchar(64) COLLATE utf8_bin NOT NULL,
  `REV_` int(11) DEFAULT NULL,
  `USER_ID_` varchar(64) COLLATE utf8_bin DEFAULT NULL,
  `TYPE_` varchar(64) COLLATE utf8_bin DEFAULT NULL,
  `KEY_` varchar(255) COLLATE utf8_bin DEFAULT NULL,
  `VALUE_` varchar(255) COLLATE utf8_bin DEFAULT NULL,
  `PASSWORD_` longblob,
  `PARENT_ID_` varchar(255) COLLATE utf8_bin DEFAULT NULL,
  PRIMARY KEY (`ID_`)
) ENGINE=InnoDB DEFAULT CHARSET=utf8 COLLATE=utf8_bin;

-- ----------------------------
-- Records of act_id_info
-- ----------------------------

-- ----------------------------
-- Table structure for `act_id_membership`
-- ----------------------------
DROP TABLE IF EXISTS `act_id_membership`;
CREATE TABLE `act_id_membership` (
  `USER_ID_` varchar(64) COLLATE utf8_bin NOT NULL,
  `GROUP_ID_` varchar(64) COLLATE utf8_bin NOT NULL,
  PRIMARY KEY (`USER_ID_`,`GROUP_ID_`),
  KEY `ACT_FK_MEMB_GROUP` (`GROUP_ID_`),
  CONSTRAINT `ACT_FK_MEMB_GROUP` FOREIGN KEY (`GROUP_ID_`) REFERENCES `act_id_group` (`ID_`),
  CONSTRAINT `ACT_FK_MEMB_USER` FOREIGN KEY (`USER_ID_`) REFERENCES `act_id_user` (`ID_`)
) ENGINE=InnoDB DEFAULT CHARSET=utf8 COLLATE=utf8_bin;

-- ----------------------------
-- Records of act_id_membership
-- ----------------------------

-- ----------------------------
-- Table structure for `act_id_user`
-- ----------------------------
DROP TABLE IF EXISTS `act_id_user`;
CREATE TABLE `act_id_user` (
  `ID_` varchar(64) COLLATE utf8_bin NOT NULL,
  `REV_` int(11) DEFAULT NULL,
  `FIRST_` varchar(255) COLLATE utf8_bin DEFAULT NULL,
  `LAST_` varchar(255) COLLATE utf8_bin DEFAULT NULL,
  `EMAIL_` varchar(255) COLLATE utf8_bin DEFAULT NULL,
  `PWD_` varchar(255) COLLATE utf8_bin DEFAULT NULL,
  `PICTURE_ID_` varchar(64) COLLATE utf8_bin DEFAULT NULL,
  PRIMARY KEY (`ID_`)
) ENGINE=InnoDB DEFAULT CHARSET=utf8 COLLATE=utf8_bin;

-- ----------------------------
-- Records of act_id_user
-- ----------------------------

-- ----------------------------
-- Table structure for `act_procdef_info`
-- ----------------------------
DROP TABLE IF EXISTS `act_procdef_info`;
CREATE TABLE `act_procdef_info` (
  `ID_` varchar(64) COLLATE utf8_bin NOT NULL,
  `PROC_DEF_ID_` varchar(64) COLLATE utf8_bin NOT NULL,
  `REV_` int(11) DEFAULT NULL,
  `INFO_JSON_ID_` varchar(64) COLLATE utf8_bin DEFAULT NULL,
  PRIMARY KEY (`ID_`),
  UNIQUE KEY `ACT_UNIQ_INFO_PROCDEF` (`PROC_DEF_ID_`),
  KEY `ACT_IDX_INFO_PROCDEF` (`PROC_DEF_ID_`),
  KEY `ACT_FK_INFO_JSON_BA` (`INFO_JSON_ID_`),
  CONSTRAINT `ACT_FK_INFO_JSON_BA` FOREIGN KEY (`INFO_JSON_ID_`) REFERENCES `act_ge_bytearray` (`ID_`),
  CONSTRAINT `ACT_FK_INFO_PROCDEF` FOREIGN KEY (`PROC_DEF_ID_`) REFERENCES `act_re_procdef` (`ID_`)
) ENGINE=InnoDB DEFAULT CHARSET=utf8 COLLATE=utf8_bin;

-- ----------------------------
-- Records of act_procdef_info
-- ----------------------------

-- ----------------------------
-- Table structure for `act_re_deployment`
-- ----------------------------
DROP TABLE IF EXISTS `act_re_deployment`;
CREATE TABLE `act_re_deployment` (
  `ID_` varchar(64) COLLATE utf8_bin NOT NULL,
  `NAME_` varchar(255) COLLATE utf8_bin DEFAULT NULL,
  `CATEGORY_` varchar(255) COLLATE utf8_bin DEFAULT NULL,
  `TENANT_ID_` varchar(255) COLLATE utf8_bin DEFAULT '',
  `DEPLOY_TIME_` timestamp(3) NULL DEFAULT NULL,
  PRIMARY KEY (`ID_`)
) ENGINE=InnoDB DEFAULT CHARSET=utf8 COLLATE=utf8_bin;

-- ----------------------------
-- Records of act_re_deployment
-- ----------------------------
INSERT INTO `act_re_deployment` VALUES ('27541', '请假流程', null, '', '2017-08-20 15:30:47.000');
INSERT INTO `act_re_deployment` VALUES ('42501', '请假流程', null, '', '2017-08-21 22:35:42.000');
INSERT INTO `act_re_deployment` VALUES ('42505', '请假流程', null, '', '2017-08-21 22:40:02.000');

-- ----------------------------
-- Table structure for `act_re_model`
-- ----------------------------
DROP TABLE IF EXISTS `act_re_model`;
CREATE TABLE `act_re_model` (
  `ID_` varchar(64) COLLATE utf8_bin NOT NULL,
  `REV_` int(11) DEFAULT NULL,
  `NAME_` varchar(255) COLLATE utf8_bin DEFAULT NULL,
  `KEY_` varchar(255) COLLATE utf8_bin DEFAULT NULL,
  `CATEGORY_` varchar(255) COLLATE utf8_bin DEFAULT NULL,
  `CREATE_TIME_` timestamp(3) NULL DEFAULT NULL,
  `LAST_UPDATE_TIME_` timestamp(3) NULL DEFAULT NULL,
  `VERSION_` int(11) DEFAULT NULL,
  `META_INFO_` varchar(4000) COLLATE utf8_bin DEFAULT NULL,
  `DEPLOYMENT_ID_` varchar(64) COLLATE utf8_bin DEFAULT NULL,
  `EDITOR_SOURCE_VALUE_ID_` varchar(64) COLLATE utf8_bin DEFAULT NULL,
  `EDITOR_SOURCE_EXTRA_VALUE_ID_` varchar(64) COLLATE utf8_bin DEFAULT NULL,
  `TENANT_ID_` varchar(255) COLLATE utf8_bin DEFAULT '',
  PRIMARY KEY (`ID_`),
  KEY `ACT_FK_MODEL_SOURCE` (`EDITOR_SOURCE_VALUE_ID_`),
  KEY `ACT_FK_MODEL_SOURCE_EXTRA` (`EDITOR_SOURCE_EXTRA_VALUE_ID_`),
  KEY `ACT_FK_MODEL_DEPLOYMENT` (`DEPLOYMENT_ID_`),
  CONSTRAINT `ACT_FK_MODEL_DEPLOYMENT` FOREIGN KEY (`DEPLOYMENT_ID_`) REFERENCES `act_re_deployment` (`ID_`),
  CONSTRAINT `ACT_FK_MODEL_SOURCE` FOREIGN KEY (`EDITOR_SOURCE_VALUE_ID_`) REFERENCES `act_ge_bytearray` (`ID_`),
  CONSTRAINT `ACT_FK_MODEL_SOURCE_EXTRA` FOREIGN KEY (`EDITOR_SOURCE_EXTRA_VALUE_ID_`) REFERENCES `act_ge_bytearray` (`ID_`)
) ENGINE=InnoDB DEFAULT CHARSET=utf8 COLLATE=utf8_bin;

-- ----------------------------
-- Records of act_re_model
-- ----------------------------
INSERT INTO `act_re_model` VALUES ('25022', '14', '请假流程', '22BGZG1DD0FYGDGGDAC0YACEAZ20ZY2D', null, '2017-08-20 14:57:50.000', '2017-08-21 22:34:57.000', '1', '{\"name\":\"请假流程\",\"revision\":1,\"description\":\"建立activity的model\"}', null, '25023', '25024', '');

-- ----------------------------
-- Table structure for `act_re_procdef`
-- ----------------------------
DROP TABLE IF EXISTS `act_re_procdef`;
CREATE TABLE `act_re_procdef` (
  `ID_` varchar(64) COLLATE utf8_bin NOT NULL,
  `REV_` int(11) DEFAULT NULL,
  `CATEGORY_` varchar(255) COLLATE utf8_bin DEFAULT NULL,
  `NAME_` varchar(255) COLLATE utf8_bin DEFAULT NULL,
  `KEY_` varchar(255) COLLATE utf8_bin NOT NULL,
  `VERSION_` int(11) NOT NULL,
  `DEPLOYMENT_ID_` varchar(64) COLLATE utf8_bin DEFAULT NULL,
  `RESOURCE_NAME_` varchar(4000) COLLATE utf8_bin DEFAULT NULL,
  `DGRM_RESOURCE_NAME_` varchar(4000) COLLATE utf8_bin DEFAULT NULL,
  `DESCRIPTION_` varchar(4000) COLLATE utf8_bin DEFAULT NULL,
  `HAS_START_FORM_KEY_` tinyint(4) DEFAULT NULL,
  `HAS_GRAPHICAL_NOTATION_` tinyint(4) DEFAULT NULL,
  `SUSPENSION_STATE_` int(11) DEFAULT NULL,
  `TENANT_ID_` varchar(255) COLLATE utf8_bin DEFAULT '',
  PRIMARY KEY (`ID_`),
  UNIQUE KEY `ACT_UNIQ_PROCDEF` (`KEY_`,`VERSION_`,`TENANT_ID_`)
) ENGINE=InnoDB DEFAULT CHARSET=utf8 COLLATE=utf8_bin;

-- ----------------------------
-- Records of act_re_procdef
-- ----------------------------
INSERT INTO `act_re_procdef` VALUES ('myLeaveBillprocess:1:27544', '1', 'http://www.activiti.org/processdef', null, 'myLeaveBillprocess', '1', '27541', '请假流程.bpmn20.xml', '请假流程.myLeaveBillprocess.png', '请假流程', '0', '1', '1', '');
INSERT INTO `act_re_procdef` VALUES ('myLeaveBillprocess:2:42504', '1', 'http://www.activiti.org/processdef', null, 'myLeaveBillprocess', '2', '42501', '请假流程.bpmn20.xml', '请假流程.myLeaveBillprocess.png', '请假流程', '0', '1', '1', '');
INSERT INTO `act_re_procdef` VALUES ('myLeaveBillprocess:3:42508', '1', 'http://www.activiti.org/processdef', null, 'myLeaveBillprocess', '3', '42505', '请假流程.bpmn20.xml', '请假流程.myLeaveBillprocess.png', '请假流程', '0', '1', '1', '');

-- ----------------------------
-- Table structure for `act_ru_event_subscr`
-- ----------------------------
DROP TABLE IF EXISTS `act_ru_event_subscr`;
CREATE TABLE `act_ru_event_subscr` (
  `ID_` varchar(64) COLLATE utf8_bin NOT NULL,
  `REV_` int(11) DEFAULT NULL,
  `EVENT_TYPE_` varchar(255) COLLATE utf8_bin NOT NULL,
  `EVENT_NAME_` varchar(255) COLLATE utf8_bin DEFAULT NULL,
  `EXECUTION_ID_` varchar(64) COLLATE utf8_bin DEFAULT NULL,
  `PROC_INST_ID_` varchar(64) COLLATE utf8_bin DEFAULT NULL,
  `ACTIVITY_ID_` varchar(64) COLLATE utf8_bin DEFAULT NULL,
  `CONFIGURATION_` varchar(255) COLLATE utf8_bin DEFAULT NULL,
  `CREATED_` timestamp(3) NOT NULL DEFAULT CURRENT_TIMESTAMP(3),
  `PROC_DEF_ID_` varchar(64) COLLATE utf8_bin DEFAULT NULL,
  `TENANT_ID_` varchar(255) COLLATE utf8_bin DEFAULT '',
  PRIMARY KEY (`ID_`),
  KEY `ACT_IDX_EVENT_SUBSCR_CONFIG_` (`CONFIGURATION_`),
  KEY `ACT_FK_EVENT_EXEC` (`EXECUTION_ID_`),
  CONSTRAINT `ACT_FK_EVENT_EXEC` FOREIGN KEY (`EXECUTION_ID_`) REFERENCES `act_ru_execution` (`ID_`)
) ENGINE=InnoDB DEFAULT CHARSET=utf8 COLLATE=utf8_bin;

-- ----------------------------
-- Records of act_ru_event_subscr
-- ----------------------------

-- ----------------------------
-- Table structure for `act_ru_execution`
-- ----------------------------
DROP TABLE IF EXISTS `act_ru_execution`;
CREATE TABLE `act_ru_execution` (
  `ID_` varchar(64) COLLATE utf8_bin NOT NULL,
  `REV_` int(11) DEFAULT NULL,
  `PROC_INST_ID_` varchar(64) COLLATE utf8_bin DEFAULT NULL,
  `BUSINESS_KEY_` varchar(255) COLLATE utf8_bin DEFAULT NULL,
  `PARENT_ID_` varchar(64) COLLATE utf8_bin DEFAULT NULL,
  `PROC_DEF_ID_` varchar(64) COLLATE utf8_bin DEFAULT NULL,
  `SUPER_EXEC_` varchar(64) COLLATE utf8_bin DEFAULT NULL,
  `ACT_ID_` varchar(255) COLLATE utf8_bin DEFAULT NULL,
  `IS_ACTIVE_` tinyint(4) DEFAULT NULL,
  `IS_CONCURRENT_` tinyint(4) DEFAULT NULL,
  `IS_SCOPE_` tinyint(4) DEFAULT NULL,
  `IS_EVENT_SCOPE_` tinyint(4) DEFAULT NULL,
  `SUSPENSION_STATE_` int(11) DEFAULT NULL,
  `CACHED_ENT_STATE_` int(11) DEFAULT NULL,
  `TENANT_ID_` varchar(255) COLLATE utf8_bin DEFAULT '',
  `NAME_` varchar(255) COLLATE utf8_bin DEFAULT NULL,
  `LOCK_TIME_` timestamp(3) NULL DEFAULT NULL,
  PRIMARY KEY (`ID_`),
  KEY `ACT_IDX_EXEC_BUSKEY` (`BUSINESS_KEY_`),
  KEY `ACT_FK_EXE_PROCINST` (`PROC_INST_ID_`),
  KEY `ACT_FK_EXE_PARENT` (`PARENT_ID_`),
  KEY `ACT_FK_EXE_SUPER` (`SUPER_EXEC_`),
  KEY `ACT_FK_EXE_PROCDEF` (`PROC_DEF_ID_`),
  CONSTRAINT `ACT_FK_EXE_PARENT` FOREIGN KEY (`PARENT_ID_`) REFERENCES `act_ru_execution` (`ID_`),
  CONSTRAINT `ACT_FK_EXE_PROCDEF` FOREIGN KEY (`PROC_DEF_ID_`) REFERENCES `act_re_procdef` (`ID_`),
  CONSTRAINT `ACT_FK_EXE_PROCINST` FOREIGN KEY (`PROC_INST_ID_`) REFERENCES `act_ru_execution` (`ID_`) ON DELETE CASCADE ON UPDATE CASCADE,
  CONSTRAINT `ACT_FK_EXE_SUPER` FOREIGN KEY (`SUPER_EXEC_`) REFERENCES `act_ru_execution` (`ID_`)
) ENGINE=InnoDB DEFAULT CHARSET=utf8 COLLATE=utf8_bin;

-- ----------------------------
-- Records of act_ru_execution
-- ----------------------------
INSERT INTO `act_ru_execution` VALUES ('30001', '3', '30001', '27541.2d21707c2e0e4bcc82cb9bdcf0e67ec1', null, 'myLeaveBillprocess:3:42508', null, 'sid-66779FEE-606E-4628-B1EB-C93731A02B63', '1', '0', '1', '0', '1', '2', '', null, null);
INSERT INTO `act_ru_execution` VALUES ('37501', '1', '37501', '27541.2d21707c2e0e4bcc82cb9bdcf0e67ec1', null, 'myLeaveBillprocess:3:42508', null, 'sid-66779FEE-606E-4628-B1EB-C93731A02B63', '1', '0', '1', '0', '1', '2', '', null, null);

-- ----------------------------
-- Table structure for `act_ru_identitylink`
-- ----------------------------
DROP TABLE IF EXISTS `act_ru_identitylink`;
CREATE TABLE `act_ru_identitylink` (
  `ID_` varchar(64) COLLATE utf8_bin NOT NULL,
  `REV_` int(11) DEFAULT NULL,
  `GROUP_ID_` varchar(255) COLLATE utf8_bin DEFAULT NULL,
  `TYPE_` varchar(255) COLLATE utf8_bin DEFAULT NULL,
  `USER_ID_` varchar(255) COLLATE utf8_bin DEFAULT NULL,
  `TASK_ID_` varchar(64) COLLATE utf8_bin DEFAULT NULL,
  `PROC_INST_ID_` varchar(64) COLLATE utf8_bin DEFAULT NULL,
  `PROC_DEF_ID_` varchar(64) COLLATE utf8_bin DEFAULT NULL,
  PRIMARY KEY (`ID_`),
  KEY `ACT_IDX_IDENT_LNK_USER` (`USER_ID_`),
  KEY `ACT_IDX_IDENT_LNK_GROUP` (`GROUP_ID_`),
  KEY `ACT_IDX_ATHRZ_PROCEDEF` (`PROC_DEF_ID_`),
  KEY `ACT_FK_TSKASS_TASK` (`TASK_ID_`),
  KEY `ACT_FK_IDL_PROCINST` (`PROC_INST_ID_`),
  CONSTRAINT `ACT_FK_ATHRZ_PROCEDEF` FOREIGN KEY (`PROC_DEF_ID_`) REFERENCES `act_re_procdef` (`ID_`),
  CONSTRAINT `ACT_FK_IDL_PROCINST` FOREIGN KEY (`PROC_INST_ID_`) REFERENCES `act_ru_execution` (`ID_`),
  CONSTRAINT `ACT_FK_TSKASS_TASK` FOREIGN KEY (`TASK_ID_`) REFERENCES `act_ru_task` (`ID_`)
) ENGINE=InnoDB DEFAULT CHARSET=utf8 COLLATE=utf8_bin;

-- ----------------------------
-- Records of act_ru_identitylink
-- ----------------------------
INSERT INTO `act_ru_identitylink` VALUES ('30006', '1', null, 'participant', '张三', null, '30001', null);
INSERT INTO `act_ru_identitylink` VALUES ('32505', '1', null, 'participant', '李四', null, '30001', null);
INSERT INTO `act_ru_identitylink` VALUES ('37506', '1', null, 'participant', '张三', null, '37501', null);

-- ----------------------------
-- Table structure for `act_ru_job`
-- ----------------------------
DROP TABLE IF EXISTS `act_ru_job`;
CREATE TABLE `act_ru_job` (
  `ID_` varchar(64) COLLATE utf8_bin NOT NULL,
  `REV_` int(11) DEFAULT NULL,
  `TYPE_` varchar(255) COLLATE utf8_bin NOT NULL,
  `LOCK_EXP_TIME_` timestamp(3) NULL DEFAULT NULL,
  `LOCK_OWNER_` varchar(255) COLLATE utf8_bin DEFAULT NULL,
  `EXCLUSIVE_` tinyint(1) DEFAULT NULL,
  `EXECUTION_ID_` varchar(64) COLLATE utf8_bin DEFAULT NULL,
  `PROCESS_INSTANCE_ID_` varchar(64) COLLATE utf8_bin DEFAULT NULL,
  `PROC_DEF_ID_` varchar(64) COLLATE utf8_bin DEFAULT NULL,
  `RETRIES_` int(11) DEFAULT NULL,
  `EXCEPTION_STACK_ID_` varchar(64) COLLATE utf8_bin DEFAULT NULL,
  `EXCEPTION_MSG_` varchar(4000) COLLATE utf8_bin DEFAULT NULL,
  `DUEDATE_` timestamp(3) NULL DEFAULT NULL,
  `REPEAT_` varchar(255) COLLATE utf8_bin DEFAULT NULL,
  `HANDLER_TYPE_` varchar(255) COLLATE utf8_bin DEFAULT NULL,
  `HANDLER_CFG_` varchar(4000) COLLATE utf8_bin DEFAULT NULL,
  `TENANT_ID_` varchar(255) COLLATE utf8_bin DEFAULT '',
  PRIMARY KEY (`ID_`),
  KEY `ACT_FK_JOB_EXCEPTION` (`EXCEPTION_STACK_ID_`),
  CONSTRAINT `ACT_FK_JOB_EXCEPTION` FOREIGN KEY (`EXCEPTION_STACK_ID_`) REFERENCES `act_ge_bytearray` (`ID_`)
) ENGINE=InnoDB DEFAULT CHARSET=utf8 COLLATE=utf8_bin;

-- ----------------------------
-- Records of act_ru_job
-- ----------------------------

-- ----------------------------
-- Table structure for `act_ru_task`
-- ----------------------------
DROP TABLE IF EXISTS `act_ru_task`;
CREATE TABLE `act_ru_task` (
  `ID_` varchar(64) COLLATE utf8_bin NOT NULL,
  `REV_` int(11) DEFAULT NULL,
  `EXECUTION_ID_` varchar(64) COLLATE utf8_bin DEFAULT NULL,
  `PROC_INST_ID_` varchar(64) COLLATE utf8_bin DEFAULT NULL,
  `PROC_DEF_ID_` varchar(64) COLLATE utf8_bin DEFAULT NULL,
  `NAME_` varchar(255) COLLATE utf8_bin DEFAULT NULL,
  `PARENT_TASK_ID_` varchar(64) COLLATE utf8_bin DEFAULT NULL,
  `DESCRIPTION_` varchar(4000) COLLATE utf8_bin DEFAULT NULL,
  `TASK_DEF_KEY_` varchar(255) COLLATE utf8_bin DEFAULT NULL,
  `OWNER_` varchar(255) COLLATE utf8_bin DEFAULT NULL,
  `ASSIGNEE_` varchar(255) COLLATE utf8_bin DEFAULT NULL,
  `DELEGATION_` varchar(64) COLLATE utf8_bin DEFAULT NULL,
  `PRIORITY_` int(11) DEFAULT NULL,
  `CREATE_TIME_` timestamp(3) NULL DEFAULT NULL,
  `DUE_DATE_` datetime(3) DEFAULT NULL,
  `CATEGORY_` varchar(255) COLLATE utf8_bin DEFAULT NULL,
  `SUSPENSION_STATE_` int(11) DEFAULT NULL,
  `TENANT_ID_` varchar(255) COLLATE utf8_bin DEFAULT '',
  `FORM_KEY_` varchar(255) COLLATE utf8_bin DEFAULT NULL,
  PRIMARY KEY (`ID_`),
  KEY `ACT_IDX_TASK_CREATE` (`CREATE_TIME_`),
  KEY `ACT_FK_TASK_EXE` (`EXECUTION_ID_`),
  KEY `ACT_FK_TASK_PROCINST` (`PROC_INST_ID_`),
  KEY `ACT_FK_TASK_PROCDEF` (`PROC_DEF_ID_`),
  CONSTRAINT `ACT_FK_TASK_EXE` FOREIGN KEY (`EXECUTION_ID_`) REFERENCES `act_ru_execution` (`ID_`),
  CONSTRAINT `ACT_FK_TASK_PROCDEF` FOREIGN KEY (`PROC_DEF_ID_`) REFERENCES `act_re_procdef` (`ID_`),
  CONSTRAINT `ACT_FK_TASK_PROCINST` FOREIGN KEY (`PROC_INST_ID_`) REFERENCES `act_ru_execution` (`ID_`)
) ENGINE=InnoDB DEFAULT CHARSET=utf8 COLLATE=utf8_bin;

-- ----------------------------
-- Records of act_ru_task
-- ----------------------------
INSERT INTO `act_ru_task` VALUES ('35003', '1', '30001', '30001', 'myLeaveBillprocess:1:27544', '提交申请', null, '提交审批', 'sid-66779FEE-606E-4628-B1EB-C93731A02B63', null, '张三', null, '50', '2017-08-20 17:41:08.000', null, null, '1', '', null);
INSERT INTO `act_ru_task` VALUES ('37505', '1', '37501', '37501', 'myLeaveBillprocess:1:27544', '提交申请', null, '提交审批', 'sid-66779FEE-606E-4628-B1EB-C93731A02B63', null, '张三', null, '50', '2017-08-20 22:21:37.000', null, null, '1', '', null);

-- ----------------------------
-- Table structure for `act_ru_variable`
-- ----------------------------
DROP TABLE IF EXISTS `act_ru_variable`;
CREATE TABLE `act_ru_variable` (
  `ID_` varchar(64) COLLATE utf8_bin NOT NULL,
  `REV_` int(11) DEFAULT NULL,
  `TYPE_` varchar(255) COLLATE utf8_bin NOT NULL,
  `NAME_` varchar(255) COLLATE utf8_bin NOT NULL,
  `EXECUTION_ID_` varchar(64) COLLATE utf8_bin DEFAULT NULL,
  `PROC_INST_ID_` varchar(64) COLLATE utf8_bin DEFAULT NULL,
  `TASK_ID_` varchar(64) COLLATE utf8_bin DEFAULT NULL,
  `BYTEARRAY_ID_` varchar(64) COLLATE utf8_bin DEFAULT NULL,
  `DOUBLE_` double DEFAULT NULL,
  `LONG_` bigint(20) DEFAULT NULL,
  `TEXT_` varchar(4000) COLLATE utf8_bin DEFAULT NULL,
  `TEXT2_` varchar(4000) COLLATE utf8_bin DEFAULT NULL,
  PRIMARY KEY (`ID_`),
  KEY `ACT_IDX_VARIABLE_TASK_ID` (`TASK_ID_`),
  KEY `ACT_FK_VAR_EXE` (`EXECUTION_ID_`),
  KEY `ACT_FK_VAR_PROCINST` (`PROC_INST_ID_`),
  KEY `ACT_FK_VAR_BYTEARRAY` (`BYTEARRAY_ID_`),
  CONSTRAINT `ACT_FK_VAR_BYTEARRAY` FOREIGN KEY (`BYTEARRAY_ID_`) REFERENCES `act_ge_bytearray` (`ID_`),
  CONSTRAINT `ACT_FK_VAR_EXE` FOREIGN KEY (`EXECUTION_ID_`) REFERENCES `act_ru_execution` (`ID_`),
  CONSTRAINT `ACT_FK_VAR_PROCINST` FOREIGN KEY (`PROC_INST_ID_`) REFERENCES `act_ru_execution` (`ID_`)
) ENGINE=InnoDB DEFAULT CHARSET=utf8 COLLATE=utf8_bin;

-- ----------------------------
-- Records of act_ru_variable
-- ----------------------------
INSERT INTO `act_ru_variable` VALUES ('30003', '3', 'string', 'inputUser', '30001', '30001', null, null, null, null, '张三', null);
INSERT INTO `act_ru_variable` VALUES ('32502', '2', 'string', 'outcome', '30001', '30001', null, null, null, null, '驳回', null);
INSERT INTO `act_ru_variable` VALUES ('37503', '1', 'string', 'inputUser', '37501', '37501', null, null, null, null, '张三', null);
